a,b
aadach,ammers
aadach,foringwoods
aadach,labeck
aadach,less
aadach,traders_watch
aadach,upper_foring
aadach,woods_end
aaksi,central_outerlands
aaksi,kopi
aaksi,mapo
aaksi,moton
aaksi,shinpah
aan,aqal
aan,pamiiu
aan,tulku
aarnach,ellisai
aarnach,eshing
aarnach,grinningen
aarnach,isel
aarnach,openfield
aba_barpet,ajtal
aba_barpet,auranchal
aba_barpet,etalor
aba_barpet,jena
aba_barpet,maneheart
aba_barpet,pathar
aba_ersul,jahanbhals
aba_ersul,myre
aba_ersul,new_moon
aba_ersul,panidar
aba_kham,ahna
aba_kham,djennai
aba_kham,haltur
aba_kham,mauphat
aba_kham,tirsur
aba_kham,vittor
aba_pradja,bhagal
aba_pradja,hapra_lo
aba_pradja,sarapur
aba_pradja,satur_pra
aba_ramagun,fetrash
aba_ramagun,hanabad
aba_ramagun,jade_hill
aba_ramagun,kochapur
aba_ramagun,nojda
aba_ramagun,ohojal
aba_ramagun,samdur
abaiz,dhismir
abaiz,hajjkal
abaiz,hism_jabal
abaiz,jhistal
abaiz,mofuq
abarain,corei
abarain,koonatin
abarain,seridar
abarain,wanagoon
abarain,wyeeroong
abasan,fuldstan
abasan,golpaye
abasan,kilad
abasan,lafat
abasan,mobakes
abasan,taqgan
abbotopul,mulwar
abbotopul,rozni
abbotopul,sarput
abbotopul,tarbots
aberhus,erpfad
aberhus,ivis
aberhus,kronn
aberhus,labeck
aberhus,less
aberhus,south_zahlitz
aberhus,uberach
abrax_pass,thoron
abrax_pass,upper_dragon_vale
abroa,busticum
abroa,golden_hills
abroa,livio_valium
abroa,romenis
abroa,suastium
abroa,the_orren
abroa,varalusia
abroa,vetrium
abrunanach,neaendh
abrunanach,nukk
abrunanach,tjil_eirse
abrunanach,tjil_vantan
abwamu,agwenu
abwamu,ikhanango
abwamu,lundlilu
abyan,am_jaqra
abyan,ghait
abyan,jhubran
ac_fher,cottersbrouw
ac_fher,crowfoot_pass
ac_fher,gotnesaig
ac_fher,mount_crow
ac_fher,slonon
adamra,gastan
adamra,kartour
adamra,khartoul
adamra,werridu
adaron,kelas_tell_vinir
adaron,lower_telas
adaron,mudoth
adaron,shanrya_plains
adaron,upper_telas
adaron,zarocs_star
addohd,elr_lpu
addohd,khash
addohd,mzrin
addohd,pospi
addohd,sagzdum
addohd,udverl
addohd,umludened
adganul,bragerd
adganul,elr_hlot
adganul,leklins_clearing
adganul,melake
adganul,senud
adganul,skeins
adganul,south_drt
adhasst,central_zond
adhasst,eje_rho
adhasst,shipal
adhasst,stone_pale
adhasst,upper_sola
adochas,astaena
adochas,bluebark
adochas,chamion
adochas,conmo
adochas,elaindur
adochas,galwit
adochas,tainde
adrak,ganara
adrak,nashde
adrak,uvlord
adrak_shei,chenxiong
adrak_shei,jes_tax
adrak_shei,kraun
adrak_shei,sutzu
adrak_shei,telnuss
adsta,ldrnach
adsta,mbunakh
adsta,mirkedezmul
adsta,panserh
adsta,sheven
adventurers_bay,south_bay
adventurers_bay,trove_coast
aeljandor,balas
aeljandor,cistern
aeljandor,eleon
aeljandor,fel_aenmyr
aeljandor,vigil
aeljandor,westlake
aer,gildhaven
aer,kettle_forest
aer,morrows
aerd,doverland
aerd,dulingen
aerd,gilded_hills
aerd,ingsbruck
aerd,merchant_hills
aerd,uwl
aere,highview
aere,huntsville
aere,kaval
aere,lienne
aere,upper_moon
aere,yearlake
aesyr,avadura
aesyr,cadae
aesyr,estrela
aesyr,ferreiseta
aesyr,nuretego
aethelbas,asthoe
aethelbas,bebenoe
aethelbas,carredmuir
aethelbas,ostram
aethelbas,taghmore
afa_makaun,nukulua
afarahy,bonegola
afarahy,diny
afarahy,okymbe
afarahy,sirabe
afarahy,west_hillwood
afarahy,wreath
afn,bregnu
afn,etrosh_ega
afn,ga_vroz
afn,gazri
afn,keveg
afn,raddo
afn,skein
afodi,alkhams
afodi,channa
afodi,ekhomeni
afodi,karalla
afodi,rakaib
afodi,shubari
afodi,zawrata
aftanissotta,fellisin
aftanissotta,littor
aftanissotta,lower_geccar
aftanissotta,upper_geccar
aftanissotta,vodiss
aftanissotta,votta_hills
agadhgar,golbad
agadhgar,jahmbh
agadhgar,kaphna
agadhgar,koni
agadhgar,qohojass
agadhgar,spice_hills
agal,irade
agal,north_lov
agal,senud
agal,skeins
agal,stoneden
agal,ulmid_pass
agayib,ajwi
agayib,goffa
agayib,qalar
agayib,tagol
agege,asheda
agege,burnt_hollow
agege,gwageh
agege,shahatsi
agege,weheni
agege,wehon
aghanim,despots_gate
aghanim,shade
aghanim,tusynmir
aghuwar,aruray
aghuwar,barkanash
aghuwar,dukho
aghuwar,shakryn
aghuwar,verile
agium,eylon
agium,malspa
agium,topis
agraj,ambath
agraj,jambad
agraj,jena
agraj,kattrassa
agraj,pathar
agraj,shalgawad
agria,edroso
agria,opontao
agria,raoho
agvellir,fjoltan
agvellir,heterland
agvellir,jofur
agvellir,north_hovn
agvellir,sark
agvellir,torben
agvellir,west_skjoll
agwenu,ezweratundi
agwenu,ikhanango
agwenu,lundlilu
agwenu,thakawini
agwenu,zukwadusu
agymo,atacaz
agymo,chari
agymo,hellwood
agymo,jascay
agymo,waitiri
agymo,yper
ahk,amu_nabis
ahk,ankhenu
ahk,djawaret
ahk,djeda
ahk,pi_assmenehet
ahk,qulsodjet
ahk,wephrehamun
ahl_qarih,bukunabani
ahl_qarih,qunfurayy
ahl_qarih,taraq
ahl_rabim,ahn_unaya
ahl_rabim,manbid
ahl_rabim,marnah
ahl_rabim,najram
ahl_rabim,tabaikah
ahl_shayba,buksumah
ahl_shayba,hareem
ahl_shayba,meqqon
ahl_shayba,oasis
ahl_shayba,thulrad
ahn_ajj,basai
ahn_ajj,gherrwah
ahn_ajj,khofir
ahn_ajj,nadena
ahn_halil,alnam
ahn_halil,najram
ahn_halil,qunfurayy
ahn_halil,sharkhaf
ahn_halil,taraq
ahn_qait,ajiqa
ahn_qait,khofir
ahn_qait,majmah
ahn_qait,nadena
ahn_qait,quccar
ahn_shawri,an_hama
ahn_shawri,bosrasta
ahn_shawri,hajjin
ahn_shawri,jizmah
ahn_shawri,umqan
ahn_uma,qaiki
ahn_uma,rafh
ahn_uma,thuwal
ahn_unaya,najram
ahn_unaya,sharkhaf
ahn_unaya,tabaikah
ahna,atjesh
ahna,haltur
ahna,jokhtar
ahna,vittor
ahse,hebewasu
ahse,north_kanata
ahse,upper_sgaw
aibiyda,fertu_lahm
aibiyda,hasiin
aibiyda,jamb
aibiyda,jukhem
aibiyda,sehlwa
aiden,donbarak
aiden,frek
aiden,scunt
aiden,whelps_hill
aidken,nashak
aidken,nidrborg
aidken,occhol
aidken,trereborg
ajaput,hadash
ajaput,kokaqua
ajaput,raimya
ajaput,senaput
ajga_hisst,darkmist
ajga_hisst,denul
ajga_hisst,esme_rake
ajga_hisst,slajan
ajga_hisst,under
ajga_hisst,vek_wvi
ajga_hisst,west_eskawo
ajiqa,khofir
ajiqa,meqqon
ajiqa,quccar
ajiqa,thulrad
ajtal,ambath
ajtal,etalor
ajtal,jellore
ajtal,jena
ajwi,bahlcat
ajwi,goffa
ajwi,jaraqib
ajwi,jizmah
ajwi,marhas
ajwi,qalar
akapos,arinah
akapos,baka_mard
akapos,sheim
akapos,ulap
akapos,zabana
aken,akhetaw
aken,der_khasjet
aken,ptkhatum
aken,zerat
akhail,aruray
akhail,doskth
akhail,dukho
akhail,lherrem_lham
akhail,sha_karaan
akhail,sha_umbab
akhetaw,khimt
akhetaw,kunoudet
akhetaw,ptkhatum
akhetaw,tarkhahenet
akhetaw,zerat
akhtadza,burning_shore
akhtadza,crimson_height
akhtadza,tenyll
akkuma,kashdremul
akkuma,kond
akkuma,lerga
akkuma,lichiq
akkuma,yutepa
akkur,an_berem
akkur,qaru
akkur,raqqo
akkur,salawayda
akmu,amu_beswen
akmu,amu_djon
akmu,ankhenu
akmu,antaset
akmu,khnut
akmu,qulsodjet
akmu,ta_waset
akredet,amu_bekdjen
akredet,refeda
akredet,refwahta
akredet,sadhmas
akredet,swais
akrunachez,dewesie
akrunachez,janna
akrunachez,olowiets
akrunachez,uka_povra
akrunachez,volots
aksew,ochane
aksew,shanti
aksew,upper_ochaniki
aksew,wanipi
alades_plain,bluerift
alades_plain,burell
alades_plain,dathuil
alades_plain,elend
alades_plain,nuthrin
alades_plain,uteya
alades_plain,uthin
alas,dawn
alas,nirnas
alas,piroll
albar,brava
albar,dacete
albar,darian_cliffs
albar,lorritz
albar,meax
albar,nudria
albar,penekran
alcho,guango
alcho,heshuyang
alcho,leining
alcho,nisho
alcho,tenwei
alcho,yuxong
aldor,barlet
aldor,calrshire
aldor,calsey
aldor,dove_hills
aldor,negetta
aleik,barshan
aleik,farbul
aleik,ferah
alfdran,gothesdan
alfdran,hross
alfdran,mundren
alfdran,nedland
alium,cross
alium,paladium
alium,paradellius
alium,rosewood
alium,tosa
alium,vetrilum
alium,vrixia
alkastelle,loravit
alkastelle,thalheim
alkhams,alshassa
alkhams,ekhomeni
alkhams,laminis
alkhams,marlubi
alkhams,winbha
alkhams,zawrata
allar_gate,celwood
allar_gate,kaval
allar_gate,northtree
allar_gate,ormion
allar_gate,treeshores
allegra,capus
allegra,eras_abillo
allegra,magol
allegra,marruvia
allegra,persinium
allegra,tanetin
allegra,vetrilum
allica,arbor
allica,ayriem
allica,goldflow
allica,mounne
allica,nes_sidium
allica,north_alletania
allica,south_alletania
alloweiss,battleford
alloweiss,edden_hills
alloweiss,elvenwoods
alloweiss,eshire
alloweiss,gothram
alloweiss,negetta
allsunar,lessez_u_iht
allsunar,querrol
allsunar,setcaire
allsunar,upper_sprucewood
allvat,bder
allvat,bradzd
allvat,lorat
allvat,odmgo
almorr,east_trinning
almorr,kelpmarsh
almorr,miras_uvola
almorr,moria
alnam,hism_sahra
alnam,najram
alnam,qunfurayy
alonmede,astaena
alonmede,bluebark
alonmede,conmo
alonmede,estre
alonmede,feignheart
alonmede,thilde
alontar,ban_balqoto
alontar,boltan
alontar,darkhatar
alontar,khom
alontar,korya
alontar,sukhbaat
alontar,undgom
alqus,an_maya
alqus,homrat
alqus,rozaba
alqus,safb
alqus,suwath
alshassa,ekhomeni
alshassa,marlubi
alshassa,pershan
alshassa,qrak
alshassa,watrun
altar,boltan
altar,doth_khasul
altar,lhaan
altar,lheyse
altar,selegon
altar,ulaang
altaram,grasshill
altaram,halfa
altaram,kepwud
altaram,kofn
altarsk,bydogyz
altarsk,lakkoc
altarsk,olowiets
altarsk,przygodla
altarsk,volots
altmund,dagholm
altmund,ironstone
altmund,sturing
altmund,ufalla
am_jaqra,an_mostar
am_jaqra,atash
am_jaqra,dhalj
am_jaqra,ghait
am_sadarat,faqal
am_sadarat,hism_sakh
am_sadarat,jeddar
am_sadarat,soumm
am_sadarat,zajj
am_suqudi,hism_jabal
am_suqudi,hudar
am_suqudi,khamra
am_suqudi,madra
am_suqudi,yade
am_zin,hajjkal
am_zin,jeddoh
am_zin,jidarr
am_zin,marwh
am_zin,sanrit
am_zin,sayykaf
am_zin,shabaq
amata,karobu
amata,nihamo
amata,nishi
ambar,dusk
ambar,fellspar
ambar,furshkan
ambar,pogram
ambar,rrulze
ambar,shadowspire
ambar,shkodha
ambath,dinvell
ambath,jellore
ambath,jena
ambath,kattrassa
ambazoa,fianaha
ambazoa,ihote_tolia
ambazoa,okymbe
ambazoa,selake
ambazoa,vananana
ambazoa,wreath
amdorra,birdcliffe
amdorra,loan
amere,seawatch
amere,utfal
amila,nuzhain
amila,south_zilah
ammarat,chainag
ammarat,nakham
ammarat,nakhphum
ammarat,ngochit
ammarat,phitsung
ammarat,sisthamai
ammarat,songrang
ammers,labeck
ammers,oltendoch
ammers,thulberg
ammers,upper_foring
ammers,xylung
amnaphum,banglei
amnaphum,chanatha
amnaphum,matung
amnaphum,thailam
amnaphum,thuri_gong
amnaphum,yalburi
amoara,aymobe
amoara,caimacan
amoara,hellwood
amoara,jofi_mountains
amoara,wood_forge
amsala,bhindor
amsala,bhiyam
amsala,dharson
amsala,laruto
amsala,lejtawal
amsala,yamonkal
amu_bekdjen,amu_nefera
amu_bekdjen,lijilah
amu_bekdjen,nekhedet
amu_bekdjen,refwahta
amu_bekdjen,sadhmas
amu_beswen,antaset
amu_beswen,gesrutat
amu_beswen,glittering_dunes
amu_beswen,shetdju
amu_beswen,ta_waset
amu_djon,amu_nabis
amu_djon,antaset
amu_djon,hebsi
amu_djon,kupi
amu_djon,qulsodjet
amu_nabis,djawaret
amu_nabis,iwanw
amu_nabis,kupi
amu_nabis,qulsodjet
amu_nefera,aswed
amu_nefera,iunmenu
amu_nefera,nekhedet
amu_nefera,sadhmas
amu_nefera,theban
amu_rabak,amu_timon
amu_rabak,epu
amu_rabak,huthis
amu_rabak,kunoudet
amu_ta,aswed
amu_ta,glittering_dunes
amu_ta,khnut
amu_ta,sadhmas
amu_ta,swais
amu_ta,ta_waset
amu_timon,epu
amu_timon,iwanw
amu_timon,kupi
an,malgi
an,sasum
an,tumlib
an,umluk
an_amara,babith
an_amara,baqun
an_amara,djeta
an_amara,hism_ghar
an_amara,sharti
an_berem,bosrasta
an_berem,jaraqib
an_berem,qaru
an_berem,raqqo
an_berem,tawa
an_damin,baimmah
an_damin,bidal
an_damin,homrat
an_damin,latahr
an_damin,quna
an_damin,safb
an_daqur,an_uthas
an_daqur,atabad
an_daqur,fuq
an_daqur,jeddoh
an_daqur,rama
an_daqur,suwath
an_daqur,tal_hoqq
an_dreix,morrow
an_dreix,nos_tari
an_dreix,shox_kabak
an_dreix,uzam
an_dreix,xaba
an_dreix,yes_tari
an_ermil,djed
an_ermil,jarif
an_ermil,khansira
an_ermil,qasyyah
an_ermil,quduk
an_ermil,wamih
an_hama,bosrasta
an_hama,hajjin
an_hama,jhetran
an_hama,khur
an_madrin,karwan
an_madrin,ramid
an_madrin,saadha
an_maya,dayak
an_maya,homrat
an_maya,hudar
an_maya,salamy
an_maya,suwath
an_mostar,atash
an_mostar,basjah
an_nadir,an_zarbiq
an_nadir,bashriq
an_nadir,dejdan
an_nadir,husran
an_nadir,jebral
an_nadir,shanwah
an_nardil,bashriq
an_nardil,dumaq
an_nardil,irbais
an_nardil,saflih
an_sharyil,baija
an_sharyil,djed
an_sharyil,nalman
an_sharyil,qaim
an_uthas,hism_mada
an_uthas,jamur
an_uthas,jeddoh
an_uthas,sayykaf
an_uthas,tal_hoqq
an_ye,dan_shei
an_ye,lansun
an_ye,masked_wood
an_ye,swanville
an_ye,veil
an_zarbiq,dejdan
an_zarbiq,shasr
an_zarbiq,tilan
anaho,emagwewe
anaho,kenawest
anaho,many_rivers
anaho,ochane
anaho,shoulder
anaho,springside
anaho,weyo
anandogowe,dushanagwe
anandogowe,east_peswatow
anandogowe,gantep
anandogowe,kepananga
anandogowe,west_peswatow
anapak,buenthai
anapak,chalas
anapak,kanenpao
anapak,nong_suk
anapak,thuri_sanga
anapak,thuri_skrid
anasr,lekhrin
anasr,lilac
anasr,qatul
anasr,sha_farif
anatsi,askawi
anatsi,central_outerlands
anatsi,degan_coast
anatsi,ilame_dega
anatsi,kopi
anatsi,magohes
anatsi,owei_sado
anbeswa,hestan
anbeswa,jarif
anbeswa,khansira
anbeswa,manruh
anbeswa,qasyr
anbeyg,bilem_lahn
anbeyg,dakiz
anbeyg,erdopor
anbeyg,parahan
anbeyg,qasahud
anbeyg,sharyeh
anbeyg,tankad
anchang,hongla
anchang,jinhai
anchang,shenzhuan
anchang,wenzhai
anchang,zhushui
anchang,zidu
ancheng,cairn_mount
ancheng,dujing
ancheng,lenji
ancheng,lixon
ancheng,wuzang
ancheng,zhacheng
anchom,hongla
anchom,kimsul
anchom,kimyang
anchom,onyanpo
anchom,shiono
anchuan,baoling
anchuan,hebma
anchuan,hezhou
anchuan,xuxhou
anchuan,zheng
anchuan,zuxian
anclis,beseentio
anclis,cavino
anclis,naran_ubrex
anclis,nuria
anclis,solet
andahar,barshan
andahar,khomand
andahar,north_zilah
andar,brenwith
andar,sarakul
andaron,behen
andaron,minin
andaron,south_end
andaron,stoenmil
andeon,cheokbang
andeon,cheongju
andeon,hoeryn
andeon,kanggok
andurock,duril
andurock,jarnstein
andurock,kalran
andurock,minin
andurock,old_forge
andurock,redsteel
andurock,stoenmil
angai,glitan
angai,ornogov
angai,ovarkhal
angai,sharkhol
angopiu,chiquinamo
angopiu,jalqui
angopiu,jamo
angopiu,natha_chizu
angopiu,patzul
angopiu,zetera
anhua,gicabao
anhua,sobei
anhua,thuan_na
anhua,treng_na
anhua,yen_bi
anipi,kaganishwa
anipi,nemesemeh
anjang,beijin
anjang,beixou
anjang,changtou
anjang,gonkou
anjang,loyong
anjang,mianzhou
anjang,yuxhou
anjo,antenpe
anjo,polopo
anjo,saelon
anjo,we_amipa
anjo,we_upao
anjo,westea
ankhenu,djeda
ankhenu,khnut
ankhenu,qulsodjet
ankhenu,tepikhent
anlatsi,atsidi
anlatsi,nanagifo
anlatsi,osydrola
anlatsi,rofotosy
anlatsi,sofivakina
ano_bei,aszath
ano_bei,deaths_grasp
ano_bei,gioze
ano_bei,mauqus
ano_jan,ano_tod
ano_jan,arisun
ano_jan,boar_reaches
ano_jan,shabri
ano_jan,stugol
ano_tod,boar_reaches
ano_tod,coldshore
ano_tod,lower_mei
ano_tod,shabri
ano_tod,thanbo
ano_tod,the_barrens
ano_tux,aszath
ano_tux,gioze
ano_tux,mauqus
ano_tux,moxan_vexis
anoda,kamino
anoda,kiridai
anoda,miyono
anoda,oamishi
anoda,odawa
anoda,satsumake
anoeyong,bokcheol
anoeyong,hoeryn
anoeyong,jeonchon
anoeyong,jeonpu
anoeyong,pansong
anoeyong,pyonje
anshu,changtou
anshu,kaixhou
anshu,kamteng
anshu,loyong
anshu,qihot
antaset,gesrutat
antaset,hebsi
antaset,khmut
antaset,marble_hills
antenpe,north_antil
antenpe,saelon
antenpe,westea
anthem,elberland
anthem,gonwin
anthem,north_belk
anthem,sonar
anthem,south_doron
anti,sushen
antiqua,argin
antiqua,darian_cliffs
antiqua,esar_coast
antiqua,penekran
antiqua,tortus
antselode,fanadre
antselode,ivoanala
antselode,ledrolovo
antselode,toliarasy
antselode,vokatana
anwara,aqabir
anwara,bashriq
anwara,irbais
anwara,jebral
anwara,sanrih
anxhou,beiling
anxhou,boxhou
anxhou,laxian
anxhou,qinhou
anxhou,sixhou
anxhou,xiongli
anxhou,yanan
anyeoju,kaejul
anyeoju,seojin
anyeoju,seosan
anyeoju,ujleonpo
anzar,damant
anzar,gazdag
anzar,gubdep
anzar,obiyon
aonem,aranes
aonem,luz_forest
aonem,saurgh
aonem,ulstyzycyn
aonem,usilan
aonem,veradan
aonem,wielnowas
apadudaw,cipyarpor
apadudaw,mawaldaw
apadudaw,ngwedaut
apadudaw,shwedo
apaji_sylt,denul
apaji_sylt,jeii
apaji_sylt,khorveej
apaji_sylt,saltmarsh
apaji_sylt,southern_jotass
apaji_sylt,thime
apaji_sylt,yjg
aparesin,frells_ring
aparesin,lenns
aparesin,lorre
aparesin,senigal
apio_sado,htawa
apio_sado,iksoko
apio_sado,takak
appleling,blue_mountains
appleling,foring_head
appleling,foringwoods
appleling,merenil
appleling,upper_foring
aqabir,irbais
aqabir,sanrih
aqabir,sardaq
aqabir,zatersi
aqal,haaqland
aqal,ilut_plains
aqal,loopar_shelf
aqal,pamiiu
aqaslu,barrenland
aqaslu,issoh
aqaslu,saiilorqon
aqaslu,uka
aqaslu,ukriin
aranes,bufte
aranes,maurwood
aranes,usilan
aranes,veradan
arar_isthmus,gyum_pash
arar_isthmus,lower_lovash
arar_isthmus,masjavan
arar_isthmus,west_trinning
arbor,ayriem
arbor,goldflow
arbor,narsis
arbor,phoettica
ardaz,bilem_aras
ardaz,bilem_thap
ardaz,gardan
ardaz,kianshej
ardaz,south_har
ardenchills,duoloch_hills
ardenchills,kingcahst
ardenchills,westoc
arerong,bundagung
arerong,jinnakun
arerong,perderimgu
arerong,quiwin
arerong,wanagoon
arghcle,asthoe
arghcle,ballin_caer
arghcle,bebenoe
arghcle,diobhne
arghcle,isidhuan
arghcle,leithin
arghcle,skyross
argin,esar_coast
argin,intxau
argin,penekran
arham,glaswijk
arham,schipje
arham,shieldstone
arimire,kolochnach
arimire,lenns
arimire,lorre
arimire,vielle
arinah,baka_rapi
arinah,carcehuk
arinah,zabana
ario,imper_fin
ario,imper_penar
ario,massino
ario,muria
ario,tabata
ario,vegnium
arisun,dan_shei
arisun,morrow
arisun,stugol
arisun,uzam
arisun,whiterose
arkanos,corvitano
arkanos,impar_civit
arkanos,impar_pomo
arkanos,volaria
arman_mountains,azkit
arman_mountains,beres
arman_mountains,cifrat
arman_mountains,lounver
arman_mountains,nakar
arman_mountains,oujat
arman_mountains,saadha
arman_mountains,saftat
arman_mountains,sahkara
arman_mountains,setmar
arman_mountains,yousarlil
arman_mountains,zembal
arman_mountains,zemstrasha
arnsbrugh,rockcliffe
aroxta,bivissa
aroxta,celoni
aroxta,escroix
aroxta,legues
arrun,beaugin
arrun,cliffpoint
arrun,lamalie
arrun,sellaine
arrun,surdoux
arrynal,belverdale
arrynal,north_tevan
arrynal,parvahk
arrynal,welding
artashan,eshran
artashan,evkhal
artashan,isopor
artashan,jarhun
artashan,south_bal
artashan,tarpor
artesh,atabad
artesh,fuq
artesh,hism_daekal
artesh,jefhar
artesh,talmhen
arthynwyn,dunmane
arthynwyn,fel_narinya
arthynwyn,foldes
arthynwyn,naerine
arthynwyn,plumwood
arthynwyn,riverend
arthynwyn,senon
arukor,djenwi
arukor,lobod
arukor,omagdul
arukor,qoztepa
arukor,ronaak
arukor,shiramd
aruray,dukho
aruray,khuwswait
aruray,sha_umbab
aruray,sha_wakr
aruray,shakryn
arvahn,athben_steps
arvahn,brich
arvahn,carren_hill
arvahn,diobhne
arvahn,harals
arvahn,isidhuan
arygan,brajak
arygan,kerhal
arygan,mehen
arygan,mount_azta
arygan,natha_nithii
arygan,serahal
as_zhei,churuz
as_zhei,cry
as_zhei,necrom
as_zhei,uva_shei
asali,bardasba
asali,bilem_aras
asali,meshkadarr
asali,sanshej
asali,sarabal
asali,tehron
ashabat,babith
ashabat,dasu
ashabat,druhnbat
ashabat,koytehs
ashabat,mahal
ashanktis,ikonma
ashanktis,makedama
ashanktis,tomia
asheda,gwageh
asheda,wehon
ashen,lattsingen
ashen,litz
ashen,nurnach
ashen,sandule
ashen,westwoods
ashen,zerill
ashen_fields,asver
ashen_fields,throne
ashen_fields,trist
ashen_fields,udrmar
ashen_fields,vythra
ashen_fields,wrath
ashire,murtte
ashire,perablia
ashire,salasum
ashire,snyder
ashire,south_plains
ashire,varaglia
ashkazgarul,dagoz
ashkazgarul,isbray
ashkazgarul,lower_ashkaz
ashmount,eastern_deadlands
ashmount,kryn
ashmount,ludras
ashmount,recreath
ashmount,stonewood
ashmount,western_deadlands
askawi,degan_coast
askawi,deyodoke
askawi,ogeno
askawi,owei_sado
askon,kazu
askon,ralon
askon,tridelon
aslo,ipikhasaa
aslo,jhorlan
aslo,pinnituq
aslo,skalhall
aslo,svaldran
asmar,shard
asmar,vaunt
asmar,vonmar
asmyre,birchvale
asmyre,hemlach
asmyre,lond
asmyre,neulin
asmyre,weix
aspesi,dashtand
aspesi,lower_ngon
aspesi,mga
aspesi,uvada
asshen,emtar
asshen,ice_river
assonfield,dolstead
assonfield,grayle
assonfield,lakeview
assonfield,reach
assonfield,westhil
astaena,bluebark
astaena,conmo
astebe,astersti
astebe,jeritomo
astebe,juar
astebe,kaipina
astebe,tartaray
aster,casineld
aster,germont
aster,haunton
aster,hillhome
aster,lowersif
asterlands,ballin_estecc
asterlands,crowfoot_pass
asterlands,elcnoe
asterlands,ichuer
asterlands,mount_crow
asterlands,usscaer
astershire,candleton
astershire,cowlon
astershire,ninthstead
astershire,south_greyswood
astershire,west_auckshire
astersti,kaipina
astersti,kokaqua
astersti,tartaray
astersti,tupin
asthoe,bebenoe
asthoe,skyross
asthoe,taghmore
asti,berochod
asti,chodni
asti,hearthwood
asti,jotri
asver,ember_point
asver,rule
asver,throne
asver,trist
aswed,iunmenu
aswed,khnut
aswed,sadhmas
aswed,tepikhent
asys,dehsu
asys,khmut
asys,marble_hills
aszath,bloodstone
aszath,deaths_grasp
aszath,mauqus
aszath,moxan_vexis
ata_mahk,doom
ata_mahk,drecashh
ata_mahk,kenchy
ata_mahk,levrit
ata_mahk,mountain_shore
ata_mahk,sulus
ata_mahk,ykek
ata_ukash,kashraz
ata_ukash,lugd
ata_ukash,mountain_shore
atabad,fuq
atabad,jefhar
atabad,rama
atacaz,kaijara
atacaz,waitiri
atacaz,yper
atal,eshurbi
atal,qudsay
atal,tadqan
atania,talin
atania,vodiss
atania,zazara
atash,dhalj
atash,jhat
atcross,midwell
athai,chaike
athai,chanatha
athai,kanchan
athai,kantang
athai,lhumpho
athai,thuri_gong
athben_steps,brich
athben_steps,druada
athben_steps,enoc_brenn
athben_steps,iodh
athben_steps,sleiporg
athek,ezweratundi
athek,lonumu
athek,qunta
athen,bufte
athen,kaval
athen,laurien
athen,lienne
athen,ormion
athen,south_laure
atjesh,dudhrej
atjesh,haltur
atjesh,jahanpu
atjesh,jokhtar
atjesh,simurkesh
atonis,kaliptu
atonis,mashkan
atonis,tridelon
atonis,yabil
atovice,bird_pass
atovice,jacek
atovice,kornocany
atovice,sulcek
atovice,treehollow
atrim,brassroad
atrim,dasamor
atrim,dinim_mountains
atrim,elim_kenoc
atrim,tonim
atsidi,ihote_melakny
atsidi,osydrola
atsniboka,edurn
atsniboka,ihote_ambi
atsniboka,ihote_matsia
atsniboka,traders_post
atsuka,cheonju
atsuka,itokai
atsuka,izubae
atsuka,kamedana
atsuka,kimsul
atsuka,mizujo
audrin,lurica
audrin,myran
audrin,nuremetum
audrin,oettica
audrin,old_cotone
audrin,traders_haven
aue,brac
aue,chalna
aue,ciilo
aue,ecia
aue,muir
aue,varan
augorium,banatria
augorium,lamadura
augorium,meren
augorium,nurcian_forest
augorium,upper_elonia
augors_hill,gohan
augors_hill,lower_dragon_vale
augors_hill,onwen
augors_hill,waterport
augustin,faler
augustin,ilramon
augustin,lusetia
augustin,ostralestia
augustin,scundili
augustin,ventrila
auorside,fel_aenmyr
auorside,limara
auorside,mereneth
auorside,rhoen
auorside,sunwater
auorside,syrd
auorside,vigil
auran,kochapur
auran,ohojal
auran,pajapat
auran,puralas
auran,qohojal
auranchal,elwatahal
auranchal,etalor
auranchal,maneheart
auranchal,oqondis
ausex,cobblers_gate
ausex,kaireuth
ausex,lafiess
ausex,uthelingen
ausex,woods_end
authing,gilded_hills
authing,ingsbruck
authing,kaapers
authing,merchant_hills
authing,silver_hills
authing,vern
avadura,edroso
avadura,estrela
avadura,hayfield
avadura,impar_lecco
avadura,merta
avadura,westmarsh
avais,borderlands
avais,oron
avais,skystep
avaland,east_errastas
avaland,ecia
avaland,muiness
avaland,teneth
avaland,west_errastas
avan,debbes
avan,fallows_ridge
avan,kalren
avan,kintown
avan,lindow
avan,whelby
avanakt,fele_sili
avanakt,fierdec
avanakt,livorrik
avanakt,rrogonis
avanakt,south_shurres
avanakt,vire
avanebe,enabava
avanebe,fotavina
avanebe,karatra
avanebe,mafianatoa
avanebe,rofotosy
avanebe,sofivakina
avantis,fewiaj
avantis,isildei
avantis,north_summerlands
avantis,summerlands
avendale,baleright
avendale,branet
avendale,karsan
avendale,keltran
avendale,linderton
avendale,south_kingsway
avendale,willdey
averas,dilum
averas,laran_hills
averas,mercant_square
averas,redshore
avernik,ferovit
avernik,holkarg
avernik,jofor
avieu,elan_chambris
avieu,frells_ring
avieu,heangrie
avinor,greyspring
avinor,redshore
avinor,wayne_coast
avinor,wine_hills
avryn,crideth
avryn,east_liivwhan_mountains
avryn,hlonaii
avryn,northriver
avryn,stonewater
avryn,tfaille
awagon,mingla
awagon,nattshibin
awagon,oktgon
awagon,pyisu
awagon,thanwegu
awh_jabra,awh_sohn
awh_jabra,awh_uzqaa
awh_jabra,niwwur
awh_jabra,samraiyh
awh_sohn,awh_uzqaa
awh_sohn,masis_khas
awh_sohn,niwwur
awh_sohn,saiwi
awh_sohn,samhair
awh_uzqaa,ruham
awh_uzqaa,samhair
aydirne,east_manta
aydirne,kirkatay
aydirne,mertin
aydirne,safrak
aydirne,samli
ayjah,chains
ayjah,qoha
ayjah,sha_sou
ayjah,shade
ayjah,smarya
ayjah,tusynmir
aymobe,hellwood
aymobe,jofi_mountains
aymobe,vinyano
aymobe,yper
ayriem,puras
ayriem,south_alletania
ayuphai,khansur
ayuphai,matung
ayuphai,narkha
ayuphai,paksurasak
ayuphai,rasikhat
ayuphai,samuttaya
ayur,hestan
ayur,hism_alfalat
ayur,jara
ayur,karahtel
ayur,quduk
ayur,shanwah
azdra,lifel
azdra,omir
azdra,rabe
azdra,soumm
azdra,tasfrit
azdra,tulas
azkit,kesban
azkit,nakar
azkit,saftat
azora,blue_tower
azora,esmere
azora,kelas_nu
azora,mana
azora,ruine
azora,shur_mal
azora,upper_nulvar
azvin,gujru
azvin,pardanzar
azvin,samsakal
azvin,taqashat
babith,dasu
babith,hism_ghar
babith,sharti
bac_lao,binh_hoc
bac_lao,dian
bac_lao,dong_ki
bac_lao,phin_cao
bac_lao,phin_linh
badahyan,gadan
badahyan,koytehs
badahyan,mahal
badahyan,mehen
badahyan,mount_huetlal
badahyan,natha_vagu
badrat,gatjal
badrat,gherrwah
badrat,hareem
badrat,meqqon
badrat,oasis
badrat,saflih
bagangovi,bayakhal
bagangovi,ulbaan
baglekh,central_sudur
baglekh,horns_reach
baglekh,mahadha
baglekh,syanhun
bagraul,beylak
bagraul,great_oak
bagraul,ldrnach
bagraul,mirkedezmul
bagraul,stonehall
bahakot,joliput
bahlcat,jizmah
bahlcat,mudhra
bahlcat,qalar
bahlcat,thuwal
bahs,samarwa
bahs,shamis
bahs,wamih
baija,baqun
baija,hism_ghar
baija,nalman
baija,qasyr
baimmah,bidal
baimmah,karwan
baimmah,quna
bainth,cove
bainth,haddock
bainth,headen
bainth,keel
bainth,shelterpoint
bajdehar,jhat
bajdehar,jhistal
bajdehar,seqal
bajehad,behlus
bajehad,cholchek
bajehad,mosar
bajehad,nishamar
bajehad,sar_kun
baka_kirkel,dimetrin
baka_kirkel,erlah
baka_kirkel,sharrmal
baka_mard,baka_tushnan
baka_mard,ulap
baka_mard,venegetera
baka_mard,zabana
baka_rapi,carcehuk
baka_rapi,hism_alsharq
baka_tushnan,dimetrin
baka_tushnan,sahid
baka_tushnan,sarehok
baka_tushnan,zabana
bakaide,dogame
bakaide,inumayo
bakaide,jobai
bakaide,naiju
bakaide,odasaka
bakaide,onimo
bakhast,kocroz
bakhast,omo_ega
bakhast,reaver
bakhast,rubum
bakhast,uducron
bakhast,urdus
balabagee,korrewaling
balabagee,quenakerup
balabagee,wuegalanga
balageh,bari
balageh,kilad
balageh,mobakes
balageh,sadakiz
balageh,tamol
balageh,tirsham
balar,juvun
balar,ostralestia
balar,paladium
balar,rosewood
balar,valaris
balas,cistern
balas,dove_hills
balas,elvenwoods
balas,westlake
balbega,fang
balbega,kanabis
balbega,kocroz
balbega,scar
balbega,yer
baleright,irburn
baleright,keltran
baleright,kerrington
baleright,linderton
baleright,north_kingsway
balkili,burtinmar
balkili,days_end
balkili,east_mersi
balkili,tekir
balkili,west_mersi
balksaz,borkhas
balksaz,esengluk
balksaz,hadruhn
balksaz,nahal
ballan,caewind
ballan,karkow
ballan,solstire_end
ballin_brugg,donnall
ballin_brugg,lecan
ballin_brugg,leithin
ballin_brugg,skyross
ballin_caer,elcnoe
ballin_caer,ichuer
ballin_caer,isidhuan
ballin_caer,leithin
ballin_caer,lone
ballin_estecc,elcnoe
ballin_estecc,gotnesaig
ballin_estecc,mount_crow
ballin_estecc,mount_owain
balput,khukot
balput,shikarpud
balput,thattalput
baltad,jeqash
baltad,karamin
baltad,talamok
baltad,uzgul
baltad,white_rock
balyndar,gyum_taha
balyndar,molt
balyndar,ras_tir
balyndar,ras_vesen
ban_altu,selegon
ban_altu,sharkhol
ban_altu,ulaang
ban_balqoto,korya
ban_balqoto,ohtor
ban_balqoto,undgom
ban_daln,ban_urdos
ban_daln,chelmak
ban_daln,dorob
ban_daln,emribi
ban_daln,leyndhan
ban_daln,urlohn
ban_daln,urtai
ban_khari,chansu
ban_khari,doth_khadri
ban_khari,tobaalt
ban_khari,vosgol
ban_lha,karami
ban_lha,kukaatar
ban_lha,lhaan
ban_lha,ongiil
ban_lha,ovarkhal
ban_lha,urutay
ban_ol,ban_sukh
ban_ol,borom
ban_ol,callhill
ban_ol,cradon
ban_ol,khoetl
ban_ol,nor_urt
ban_sukh,borom
ban_sukh,callhill
ban_sukh,daruul
ban_sukh,leins_field
ban_sukh,ohtor
ban_tobaq,glitan
ban_tobaq,kharkul
ban_tobaq,ongiil
ban_tobaq,ornogov
ban_tobaq,usul
ban_urdos,borkhas
ban_urdos,chelmak
ban_urdos,dorob
ban_urdos,sukhdaan
ban_urdos,ulimod
ban_urdos,uruqi
banatria,galuca
banatria,lamadura
banatria,meren
banatria,spoletum
bandam,bilem_baghe
bandam,mawiyye
bandam,nacib
bandam,qol
bandam,south_bal
bandam,yabha
bangas,bhila
bangas,keylight
bangas,srinjam
bangas,urad_roh
bangas,urat_farida
bangjo,kanchan
bangjo,lhumpho
bangjo,padai
bangjo,ratchun
bangjo,thuri_sanga
banglei,luong_ko
banglei,matung
banglei,paksurasak
banglei,thuri_gong
banlauk,kunlao
banlauk,kypaudu
banlauk,mywadan
banlauk,salingwe
banlauk,thabo
bao,kaitong
bao,liuning
bao,luomen
bao,qincho
bao,qinlo
bao,yanqing
baohua,hanshan
baohua,mingla
baohua,mudanxi
baohua,oktgon
baohua,wuhar
baohua,xaling
baoling,dongfeng
baoling,haizi
baoling,hebma
baoling,xuxhou
baotong,lili
baotong,manghe
baotong,nujiliang
baotong,qaixhou
baotong,qubo
baotong,wuxhou
baqun,djeta
baqun,hism_ghar
baqun,manruh
baqun,qasyr
baral,jarhun
baral,kelegg
baral,lotarah
baral,srjajan
baral,terhun
barbrucht,daltenburg
barbrucht,jearing
barbrucht,rehten
barbrucht,skycradle
barbrucht,vernen
bardasba,eramatan
bardasba,feyzagab
bardasba,sanshej
bardasba,taleqas
bardasba,tehron
bari,bostan
bari,mobakes
bari,nafez
bari,tamol
barkanash,despots_gate
barkanash,shakryn
barlet,calrshire
barlet,calsey
barlet,heyshire
barlet,riverway
barlet,treeshores
barleytown,darmuth
barleytown,ester_heights
barleytown,farmers_bridge
barleytown,geldon_commons
barleytown,marby
barleytown,millerstead
barleytown,wheyfield
barrak,kharkul
barrak,parilga
barrak,vorkhang
barrak,wuegalanga
barrenland,kiito_shelf
barrenland,konsait
barrenland,porri
barrenland,saiilorqon
barrenland,uka
barshan,ferah
barshan,ghozni
barshan,khomand
basai,majmah
basai,mulah
basai,nadena
basbergan,leden
basbergan,seahome
basbergan,solven
basbergan,uaqhivik
bashriq,irbais
bashriq,jebral
bashriq,majran
basjah,hadran
bataphoan,bhavasvay
bataphoan,kampung_poi
bataphoan,lingahear
bataphoan,phno_rep
battleford,broken_hills
battleford,elfall
battleford,elvendale
battleford,elvenwoods
battleford,eshire
battleford,westlake
bayados,daham
bayados,leyndhan
bayados,prelash
bayados,urtai
bayakhal,khoetl
bayakhal,ulbaan
bayakhal,uve
bayd,bayya
bayd,ekhomeni
bayd,fuad
bayd,sire
bayya,ekhomeni
bayya,juman
bayya,qrak
bder,edonzd
bder,gors_rise
bder,mga
bder,odmgo
beaugin,lamalie
beaugin,peasants_rock
beaugin,seanie
beaugin,sellaine
bebenoe,diobhne
bebenoe,yothelheim
becken,dun_ferreg
becken,fourning
becken,in_castel
becken,ostershire
becken,wayfurd
beer_hills,brongs_pass
beer_hills,eesland
beer_hills,glaswijk
beer_hills,kaperin
beer_hills,shieldstone
behen,south_end
behen,stoenmil
behlus,golpaye
behlus,kashtabal
behlus,koshksada
behlus,mosar
behlus,sar_kun
beibo,dangdao
beibo,harhan
beibo,koyang
beibo,laochan
beibo,wenzhai
beibo,wushan
beichow,huchuan
beichow,lanxa
beichow,nisho
beichow,wuchow
beijin,beixou
beijin,loyong
beijin,ninhar
beijin,qijiang
beijin,yaka
beiling,boxhou
beiling,hoxhou
beiling,nanxhou
beiling,weixhou
beiling,weizhua
beiling,xiongli
beiring_downs,doverland
beiring_downs,hills_of_ire
beiring_downs,openfield
beiring_downs,thaler
beiring_downs,uwl
beixou,xixhou
beixou,yaka
beixou,yuxhou
bej_kha,darkmist
bej_kha,gozma
bej_kha,silvermarsh
bej_kha,stone_pale
bej_kha,under
bej_kha,vek_farj
belb,calwin
belb,charm
belb,denwood
belb,ewesnido
belb,loute
belimbinyan,maknei
belimbinyan,mukul_bangak
belimbinyan,mukul_gai
belimbinyan,mukul_gon
belimbinyan,sabajong
belimbinyan,taskeama
bellows,goldhill
bellows,mundar
bellows,north_antara
bellows,nym
bellows,sondeth
bellows,wide_banks
belter,dawnhill
belter,haddock
belter,kampen
belter,keel
belverdale,kaverstead
belverdale,parvahk
belverdale,wheldeross
bemeka,jahmbh
bemeka,kaphna
bemeka,myre
bemeka,wake
beonyma,fellisin
beonyma,lower_geccar
beonyma,massari
beonyma,umbrino
beran,bolise
beran,imper_cede
beran,littor
beran,thelan_marsh
beran,thorne
beran,votta_hills
berashan,faram
berashan,qivat_tuvo
berashan,qivat_yon
berashan,shqel
berashan,udana
berashan,zefat
berdash,nuhlbaatar
berdash,qimay
berdash,ulisai
berdash,urutay
beres,cifrat
beres,setmar
bergendale,glockvein
bergendale,kelhus
bergendale,kington
bergendale,silver_hills
bergendale,stockshire
bernstone,bone_coast
bernstone,hronnland
bernstone,lindby
bernstone,oddgarm
berochod,brat_nav_tot
berochod,chodni
berochod,jar_nav_blz
besakd,brezniewo
besakd,kev
besakd,przygodla
besakd,uka_ivihyn
besakd,volots
beseentio,busticum
beseentio,corolis
beseentio,naran_ubrex
beseentio,nuria
beseentio,romenis
beseentio,vetrium
bestaras,doran
bestaras,esar_coast
bestaras,hava
bestaras,orchard_downs
between_hills,laran_hills
between_hills,livia
between_hills,lower_kaff
between_hills,lower_vintage
between_hills,nassia
between_hills,oftland
between_hills,westyard
between_hills,zierlatz
beuhvinne,dordranach
beuhvinne,heangrie
beybury,den
beybury,druxing
beybury,ellisai
beybury,holtland
beybury,honeywell
beybury,labach
beybury,wallamh
beylak,gndombele
beylak,ldrnach
beylak,pakvrk
beylak,rabr
beylak,stonehall
bhadhral,kotoput
bhadhral,sasuput
bhadhral,tajput
bhagal,hapra_lo
bhagal,nojda
bhagal,okojen
bhakdawar,chandipur
bhakdawar,east_chim
bhakdawar,lokha
bhakdawar,west_chim
bhandu,dhantari
bhandu,ilamwas
bharatunj,ghorama
bharatunj,gorknawal
bharatunj,hetwal
bharatunj,kavetwanchok
bhathun,dahun
bhathun,hedhun
bhathun,osul
bhathun,palash
bhathun,sahun
bhatsat,chanpat
bhatsat,kufni
bhatsat,paru
bhatsat,rajat
bhatsat,sonati
bhavakot,chinhati
bhavakot,iron_mountains
bhavakot,raiganj
bhavakot,seramam
bhavasvay,kampung_bang
bhavasvay,kampung_veng
bhavasvay,lingahear
bhavasvay,odanouk
bhavasvay,phno_rep
bhila,chinhati
bhila,gopaldum
bhila,rajat
bhila,srinjam
bhila,urat_farida
bhindor,dharson
bhindor,kajental
bhindor,lejtawal
bhiyam,jahanpu
bhiyam,laruto
bhiyam,oqondis
bhiyam,purpur
bhiyam,yamonkal
bhomo,monglao
bhomo,shainsbright
bhomo,singhin
bhomo,thandau
bhomo,ton_evu
bhumshi,jhapam
bhumshi,mahadha
bidal,safb
bidca,duqala
bidca,madhay
bidca,masis_khas
bidca,niwwur
bidhanlly,delja
bidhanlly,khali
bidhanlly,ulti
bierass,igelten
bierass,nyrthe
bierass,robbers_crest
bierass,scheppeland
bierass,spressingen
bierass,upper_kaff
bierlach,elbestone
bierlach,karland
bierlach,odensbur
bierlach,robbers_crest
bierlach,slendos
bierre,grafingen
bierre,karlsund
bierre,kern
bierre,kington
bierre,mundau
bierre,stockshire
bierre,thulberg
bierre,upper_aating
bijkur,davanary
bijkur,jalpur
bijkur,obhanva
bijkur,ohipuri
bijkur,qohojal
bijkur,raighar
bildral,okrul
bildral,rgag
bildral,shathra
bildral,ushbukh
bilem_aras,harral_mountains
bilem_aras,kianshej
bilem_aras,meshkadarr
bilem_aras,sarabal
bilem_aras,south_har
bilem_baghe,mawiyye
bilem_baghe,nuqedes
bilem_baghe,qol
bilem_baghe,sadakiz
bilem_baghe,tirsham
bilem_lahn,dakiz
bilem_lahn,erdopor
bilem_lahn,nasirshrar
bilem_lahn,pasarpor
bilem_lahn,vahshak
bilem_savyl,bukhsas
bilem_savyl,burataldaroo
bilem_savyl,isopor
bilem_savyl,naragagello
bilem_savyl,nivi
bilem_savyl,osil
bilem_thap,gardan
bilem_thap,qarchuk
bilem_thap,south_har
bilesa,hacik
bilesa,kadifar
bilesa,osmarli
bilesa,somare
bilesa,soyol
billen,blight
billen,duskshard
billen,onswed
bin_duomg,buo_bang
bin_duomg,quan_nai
bin_duomg,sawan
bin_duomg,song_noi
bin_duomg,thonang
bin_duomg,xi_nang
binh_hoc,dian
binh_hoc,hung_bao
binh_hoc,phin_linh
binshan,haizhol
binshan,huanhu
binshan,jianli
binshan,nansu
binshan,panchuan
binshan,zouhu
birch_throne,east_dawnwood
birch_throne,sathrone
birch_throne,stonewood
birch_throne,torwood
birch_throne,vatov
birchhill,feignheart
birchhill,gileas
birchhill,lower_bracken
birchhill,oldheart
birchhill,thilde
birchvale,birchwood
birchvale,hemlach
birchvale,kastach
birchvale,lond
birchwood,inall
birchwood,kastach
birchwood,lattsingen
birchwood,nurnach
birchwood,zerill
bird_pass,hrankovic
bird_pass,kenawal
bird_pass,kornocany
bird_pass,shikar
birwa,dongish
birwa,kotta
birwa,kufni
birwa,lejtawal
birwa,paru
birwa,teljarpas
biscai,brava
biscai,eastshore
biscai,lorritz
biscai,puixol
biscai,tortus
bishkol,karamin
bishkol,navka
bishkol,shieldpeak
bitkari,gantep
bitkari,guldaeli
bitkari,irdun
bitkari,izat
bitkari,mugayd
bitkari,orat
bivissa,legues
bivissa,lusatt
bivissa,uvorra
bjorlan,gleifingr
bjorlan,orbonfell
bjorlan,sjaldan
black_hill,blackcliff
black_hill,gubjak
black_hill,ketag
black_hill,khanda
black_hill,mosgha
black_hill,terdmal
black_wilds,jamo
black_wilds,natha_gii
black_wilds,patzul
black_wilds,trove_coast
blackcliff,gulraz
blackcliff,ketag
blackcliff,mosgha
blackfyhr,elderhollow
blackfyhr,khobad
blackfyhr,lagoali
blackfyhr,tkvagri
blackfyhr,tsigh
blackgate,shard
blackgate,tremor
blackgate,vonmar
blackhill,central_ryyk
blackhill,iskafjord
blackhill,lathur
blackhill,nufhjav
blackhill,skerten
blackhill,ysa
blackhills,khuwswait
blackhills,qoha
blackhills,sha_wakr
blackhills,tusynmir
blackhorse,braster
blackhorse,cottleshores
blackhorse,ironhoof
blackhorse,yorwikke
blackrain,garak_ja
blackrain,kesta
blackrain,liss
blackrain,shellfire
blackrain,southern_jotass
blackrain,udanhet
blackshore,stetton
blacktree,esme_rake
blacktree,gokun
blacktree,korul
blackwall,gahand
blackwall,hlod
blackwall,imotske
blackwall,kress
blackwall,malred
blackwall,slank
blackwoods,enoc_brenn
blackwoods,freyn
blackwoods,norun_plain
blackwoods,ormsdalr
blackwoods,votun
blazing_sand,foshan_edge
blazing_sand,moccis
blazing_sand,qivat_shemuel
blazing_sand,red_dunes
bleakpoint,fester
bleakpoint,ras_ebeleth
bleakpoint,tsbani
blight,callhill
blight,cradon
blight,gruhsey
blight,onswed
bloodstone,churuz
bloodstone,deaths_grasp
bloodstone,iron_wastes
bloodstone,moxan_vexis
bloom,caiwood
bloom,hranad
bloom,jofi_mountains
bloom,wooden_heights
blue_mountains,bluewater
blue_mountains,daelyon
blue_mountains,foring_head
blue_mountains,longforst
blue_mountains,merenil
blue_mountains,naavir
blue_tower,farvos
blue_tower,gyum_yegh
blue_tower,kapara
blue_tower,kelas_nu
blue_tower,north_embers
blue_tower,shur_mal
bluebark,estre
bluebark,north_aldano
bluebark,tainde
bluelight,golbad
bluelight,jahanbhals
bluelight,karwasman
bluelight,nabai
bluelight,sune
bluerift,ecas
bluerift,nuthrin
bluerift,two_shores
bluerift,uteya
bluerift,weyes
bluethorn,east_isle
bluethorn,west_isle
bluetree,devu
bluetree,waterspring
bluewater,daelyon
bluewater,merenil
bluewater,muir
bluewater,sulas
bluewater,varan
bluewest,north_summerlands
bluewest,riverfall
bluewest,steel_mills
bluewest,summerlands
bluewest,uinme
bluewest,volam
boar_reaches,necrom
boar_reaches,the_barrens
boernheim,hallrend
boernheim,kargvit
boernheim,lethe
boernheim,undar_rise
bokcheol,cheokbang
bokcheol,hoeryn
bokcheol,pansong
bokcheol,sarisong
bokcheol,tanju
bokemer,cevaje
bokemer,east_boek
bokemer,eweste
bokemer,thronde
bokemer,vorrik
bokemer,west_elwen
bokhan,borgonn
bokhan,gehsh
bokhan,gubdep
bokhan,khoru
bokhan,nwa_eswo
bokhan,skave
boldhar,dernehborg
boldhar,milak
boldhar,tagdag
boldogly,brajak
boldogly,east_rolling_plains
boldogly,esengluk
boldogly,gokejak
boldogly,horse_mounds
boldogly,kundhrum
bolise,ceanza
bolise,imper_cede
bolise,perablia
bolise,varaglia
bolise,votta_hills
boltan,darkhatar
boltan,erdaat
boltan,korya
boltan,lheyse
boltan,selegon
bone_coast,lower_eyslo
bone_coast,northel
bone_coast,oddgarm
bonegola,dianmatsi
bonegola,diny
bonegola,nagola
bonegola,okymbe
bonegola,vohonale
bonhanshal,bostan
bonhanshal,east_eshhan
bonhanshal,elvon
bonhanshal,kohsh
bonhanshal,omo_ega
bonhanshal,shabsuj
boran,central_doron
boran,glimmer_hills
boran,goldhill
boran,gonwin
boran,lound
boran,wide_banks
borderlands,cobblers_gate
borderlands,copper_hills
borderlands,east_durms
borderlands,kaireuth
borderlands,luerland
borderlands,oron
borgonn,gehsh
borgonn,gubdep
borgonn,lsnevek
borkhas,deydi
borkhas,haidun_cliffs
borkhas,nahal
borkhas,sukhdaan
borkhas,uruqi
borne,elbrose
borne,keywick
borne,southstead
borne,treemont
borom,khoetl
borom,mandkhorin
borom,ohtor
bosrasta,jaraqib
bosrasta,jizmah
bosrasta,raqqo
bostan,east_eshhan
bostan,nafez
bostan,oktrud
bostan,shabsuj
bostan,tamol
botlorn,greyport
botlorn,hills_of_ire
botlorn,nightshore
botlorn,thaler
boulderfield,kaishan
boulderfield,nos_tari
boulderfield,qujong
boulderfield,shox_kabak
boulderfield,telnuss
boulderfield,yushuang
bovrobec,nalecusnyr
bovrobec,razca
bovrobec,rivermark
bovrobec,tranvryw
bovrobec,tvaryn
bovrobec,vinewood
boxhou,changtou
boxhou,hoxhou
boxhou,mianzhou
boxhou,yanan
brac,ecia
brac,lower_southpine
brac,muiness
brac,relanii
brac,seduin
brac,upper_southpine
brac,varan
bradzd,gerdin
bradzd,kasht
bradzd,lorat
bradzd,odmgo
bragerd,elr_hlot
bragerd,elr_mwe
brajak,gokejak
brajak,kerhal
brajak,koyten
brajak,kundhrum
brajak,serahal
bran,elim_avarice
bran,elim_lath
bran,shamor
bran,upper_trovan_coast
branet,crossings
branet,karsan
branet,moons_end
branet,the_ellan
branet,willdey
brassroad,elim_kenoc
brassroad,feltas
brassroad,mourning_lands
brassroad,south_pirec
brassroad,tears_embrace
brassroad,tonim
brasten,forge_habour
brasten,lower_tyrfak
brasten,minehold
brasten,waterport
braster,ironhoof
braster,nuardernec
braster,wayfurd
braster,yoren
braster,yorwikke
brat_nav_tot,farsu_ve
brat_nav_tot,gratuk
brat_nav_tot,hrankovic
brat_nav_tot,jar_nav_blz
brava,darian_cliffs
brava,lorritz
brava,tortus
breakers_point,darshire
breakers_point,doak
bredalar,endgap
bredalar,gawiel
bredalar,hlaul
bredalar,lenthin
bredalar,minolon
bredalar,windleaf
bregnu,dro_ega
bregnu,gazri
bregnu,gkuzu
bregnu,raddo
bregnu,whaleport
breiten_plains,clenland
breiten_plains,eastwoods
breiten_plains,lattsingen
breiten_plains,litz
breiten_plains,noekkern
breiten_plains,westwoods
brenwith,coldmine
brenwith,donbarak
brenwith,sarakul
brenwith,whelps_hill
brezniewo,karolwyn
brezniewo,kev
brezniewo,nalecusnyr
brezniewo,uka_ivihyn
brezniewo,uka_rathiv
brezniewo,warshvat
brich,carren_hill
brich,cottersbrouw
brich,iodh
brich,slonon
bridgeport,greysand
bridgeport,jaelis
bridgeport,tienduvin
bridgeport,west_oaks
briston,doddey
briston,elbrose
briston,geldon_commons
briston,mayshire
briston,merilan
briston,millerstead
briston,sumersyle
broken_hills,doshiyr
broken_hills,elfall
broken_hills,elvendale
broken_hills,felloan
broken_hills,glen_hills
broken_hills,mithras
broken_hills,pamia
broln_ega,caud
broln_ega,okrul
broln_ega,rgag
broln_ega,rubum
broln_ega,urdus
bron,eslip
bron,kavice
bron,wooden_heights
bron,yabil
bronch,east_boek
bronch,falansyr
bronch,fionada
bronch,hlaul
bronch,thede
bronch,thronde
bronch,unwil
brongs_pass,eesland
brongs_pass,kaperin
brongs_pass,northrise
brongs_pass,ursland
bronn,darmuth
bronn,ester_heights
bronn,fintonshire
bronn,north_tevan
bronn,parvahk
bruega,marraf
bruega,south_bruega
bruega,tosona
bruega,vara_plains
brugai,maknei
brugai,mukul_dalam
brugai,purge
brugai,solice
brunalmup,eragewoi
brunalmup,gabba
brunalmup,khat
brunalmup,kriup
brunalmup,srjajan
brunalmup,terbrahm
brunalmup,terhun
bruvek,chartor
bruvek,hodla
bruvek,tertepa
bruvek,uzkhakkul
bucheon,daiju
bucheon,fukokuo
bucheon,gowon
bucheon,itokai
buday,east_shasta
buday,foshan_edge
buday,sadaib
buday,thah
buday,west_shasta
buday,ybiya
buenthai,chalas
buenthai,nonkok
buenthai,thuri_skrid
bufte,celwood
bufte,maurwood
bufte,ormion
bufte,south_laure
bufte,veradan
bukhsas,byushy
bukhsas,isopor
bukhsas,kolraim
bukhsas,nivi
bukhsas,vahshak
buksumah,hareem
buksumah,qaiki
buksumah,rafh
buksumah,safwigh
buksumah,thulrad
buksumah,umqan
bukunabani,qammur
bukunabani,qunfurayy
bundagung,goondijni
bundagung,jinnakun
bundagung,tarabundego
bundam,dunewood
bundam,kary
bundam,lajoro
bundam,sabgaea
bundam,venegetera
bundam,we_upao
buo_bang,lak_tri
buo_bang,song_noi
buo_bang,xi_nang
buo_bang,xuye_minh
buo_phong,dien_thao
buo_phong,qui_ca
buqala,kharreb
buqala,mudham
burataldaroo,elan
burataldaroo,koomer
burataldaroo,naragagello
burataldaroo,nivi
burataldaroo,zr
burell,elend
burell,highrune
burell,lower_kalas
burell,relon
burell,uteya
burn,dead_hills
burn,gonahk
burn,nothern_deadlands
burn,pospi
burn,tskhihumi
burn,vask
burnfield,masked_wood
burnfield,monglao
burnfield,shabri
burnfield,shainsbright
burnfield,stugol
burning_sands,glittering_dunes
burning_sands,shetdju
burning_sands,swais
burning_shore,byanim
burning_shore,crimson_height
burning_shore,firehold
burning_shore,kapara
burnt_hollow,dabani
burnt_hollow,gwageh
burnt_hollow,iwenwi
burnt_hollow,ogeno
burnt_hollow,shahatsi
burrough,cegwend
burrough,cottleshores
burrough,eastbridge
burrough,eldershire
burrough,ironhoof
burrough,morarch
burrough,whitefield
burtinmar,east_mersi
burtinmar,mugayd
burtinmar,orat
burtinmar,west_mersi
busticum,livio_telum
busticum,livio_valium
busticum,nuria
busticum,pancona
busticum,romenis
butland,isel
butland,kelhus
butland,merchant_hills
butland,openfield
butland,terringen
butland,uwl
byanim,firehold
byanim,kapara
byanim,vrasin
bydogyz,ghavrar
bydogyz,lakkoc
bydogyz,olowiets
byushy,eshran
byushy,ferhun
byushy,isopor
byushy,taqgan
byushy,vahshak
byway_sides,central_greyswood
byway_sides,kintown
byway_sides,reach
byway_sides,south_greyswood
byway_sides,westhil
ca_minh,luong_that
ca_minh,phin_chi
ca_minh,samuttaya
ca_minh,sawan
ca_minh,thap_an
ca_minh,xi_nang
ca_minh,xi_nga
cabrela,corvitano
cabrela,elkenshield
cabrela,imper_fin
cabrela,naupathos
cabrela,neletus
cabrela,ravona
cabrela,tabata
cadae,estrela
cadae,nesao
cadae,nuretego
cadae,valdan
caeb,juar
caeb,juiro
caeb,kaijara
caeb,vinyano
caeb,yper
caerwikk,druada
caerwikk,freyn
caerwikk,greyrun
caerwikk,tagocs
caerwikk,votun
caewind,karkow
caewind,morarch
caewind,north_solstire
caewind,orenheim
caewind,solstire_end
caimacan,caiwood
caimacan,jofi_mountains
caimacan,potikama
caimacan,urube
caimacan,wood_forge
cairn_mount,dujing
cairn_mount,fallhaven
cairn_mount,xibei
cairn_mount,yes_tari
caiwood,hranad
caiwood,jofi_mountains
caiwood,kazu
caiwood,ralon
caiwood,urube
calestone,galens
calestone,in_castel
calestone,northmouth
calestone,ostershire
calestone,toderegg
calestone,yorwikke
callhill,cradon
callhill,leins_field
callhill,onswed
callhill,shoal
callhill,staugh
calofe,lonsia
calofe,lusatt
calofe,pearwood
calofe,puixol
calofe,uvorra
calrshire,firstbridge
calrshire,hillhome
calrshire,negetta
calrshire,riverway
calsey,celwood
calsey,dove_hills
calsey,maurwood
calsey,treeshores
calwin,charm
calwin,dalwe
calwin,lilede
calwin,loute
calwin,whistle
candleton,cowlon
candleton,esfamlends
candleton,kerrington
candleton,north_kingsway
candleton,west_auckshire
capus,paladium
capus,persinium
capus,valaris
capus,vetrilum
carcehuk,sarehok
caria,elano
caria,fawn
caria,impar_civit
caria,luro
caria,ravio
carredmuir,cohcne
carredmuir,donnall
carredmuir,taghmore
carren_hill,gotnesaig
carren_hill,isidhuan
carren_hill,mount_owain
carren_hill,slonon
casiin,south_aqai
casiin,tawezuk
casiin,ulat
casineld,churling
casineld,germont
casineld,haunton
casineld,north_weald
casineld,oselham
catter,greyspring
catter,odensbur
catter,old_catter
catter,wayne_coast
caud,croak
caud,ogroz
caud,rgag
caud,zrid
cavalshire,fallows_ridge
cavalshire,greythen
cavalshire,north_solstire
cavalshire,shacktown
cavalshire,solstire_end
cavalshire,ywes
cavino,certus
cavino,livio_qum
cavino,nuria
cavino,segium
cavino,solet
cavino,urum_ier
cawn,elberland
cawn,gilton
cawn,osshtar
cawn,sentic_hills
cawn,south_merena
cawn,vogney
cayd,cayn_coast
cayd,polopo
cayd,whangale
cayn_coast,polopo
cayn_coast,saelon
ceanza,imper_cede
ceanza,massino
ceanza,salasum
ceanza,varaglia
cegwend,eldershire
cegwend,whitefield
ceiis,coihonne
ceiis,hlonaii
ceiis,north_liivwhan_mountains
ceiis,omuwe
ceiis,tfaille
celoni,escroix
celoni,lower_tyrn
celoni,nalanos
celrun,lafiess
celrun,merenil
celrun,oron
celrun,sulas
celrun,upper_southpine
celwood,maurwood
celwood,ormion
celwood,treeshores
central_altvar,duril
central_altvar,jarnstein
central_altvar,karsain
central_altvar,minheim
central_doron,ceybuk
central_doron,doron
central_doron,gonwin
central_doron,south_doron
central_doron,talya
central_doron,wide_banks
central_druthe,dalbow
central_druthe,denwood
central_druthe,ewesnido
central_druthe,gaenad
central_druthe,looseleaf
central_druthe,treegate
central_greyswood,greythen
central_greyswood,hillockburn
central_greyswood,kintown
central_greyswood,loguntar
central_greyswood,north_greyswood
central_greyswood,south_greyswood
central_outerlands,kopi
central_outerlands,mapo
central_outerlands,owei_sado
central_outerlands,tsia_sado
central_ryyk,gottholm
central_ryyk,lathur
central_ryyk,tethan
central_ryyk,trejaslo
central_ryyk,uldr_skjoll
central_ryyk,ysa
central_salasuin,lower_kalas
central_salasuin,nanein_wood
central_salasuin,salren
central_salasuin,siret
central_salasuin,tienduvin
central_salasuin,west_oaks
central_sgaw,ilama_sgaru
central_sgaw,tehono
central_sgaw,upper_sgaw
central_shka,malier
central_shka,rrulze
central_shka,shadowspire
central_shka,shkoji
central_sudur,chitwanchok
central_sudur,horns_reach
central_zond,drakush
central_zond,highreach
central_zond,shipal
central_zond,upper_sola
central_zond,vek_aba
ceres_ascolum,ceres_vetrinum
ceres_ascolum,dilum
ceres_ascolum,iltierre
ceres_ascolum,lutera
ceres_ascolum,mercant_square
ceres_ascolum,veras
ceres_ascolum,vitejo
ceres_vetrinum,emgardum
ceres_vetrinum,opoll
ceres_vetrinum,reira
ceres_vetrinum,veras
ceres_vetrinum,vitejo
cerses_buram,gavern
cerses_buram,goldenshores
cerses_buram,logino
cerses_buram,panus
cerses_erii,ironhill
cerses_erii,kallos
cerses_erii,marruvia
cerses_erii,nuceria
cerses_erii,panus
cerses_erii,tanetin
cerses_laranium,eras_abillo
cerses_laranium,naran_peum
cerses_laranium,naran_ubrex
cerses_laranium,persinium
cerses_laranium,salt_hills
cerses_laranium,veixas
cerses_lixas,exixerre
cerses_lixas,firehills
cerses_lixas,saldosa
cerses_lixas,segium
cerses_lixas,tovinya
certus,segium
certus,tovinya
certus,urum_ier
cevaje,even_wes
cevaje,livorrik
cevaje,upper_abere
cevaje,vorrik
cevaje,west_elwen
ceybuk,karaeli
ceybuk,north_antara
ceybuk,seagili
ceybuk,talya
ceybuk,wide_banks
chagow,foshomen
chagow,guango
chagow,heshuyang
chagow,maeson
chagow,thuri_wei
chaike,charang
chaike,kantang
chaike,lhumpho
chaike,thong
chaike,uttanoburi
chainag,nakham
chainag,nakhphum
chainag,phitsum
chains,refeda
chains,refwahta
chains,sha_sou
chains,smarya
chait,kampung_yas
chait,kampur_pur
chait,krat
chait,meansam
chalas,nong_suk
chaleske,gnoih
chaleske,inogedeh
chaleske,lower_onondawe
chaleske,niedeh
chaleske,sadekonn
chalna,ciilo
chalna,ecia
chalna,lorrelaie
chalna,uinme
chalna,volam
chaluzka,darkwood
chaluzka,drazangownie
chaluzka,nievosov
chaluzka,obreneh
chaluzka,ulstyzycyn
chaluzka,wielnowas
chaluzka,zelen
chambot,eastlocke
chambot,kaupton
chambot,plains_of_iss
chambot,tyosse
chamion,elaindur
chamion,galwit
chamion,root
chamion,tolnmid
chamion,uwon
chanatha,kantang
chanatha,langkok
chanatha,thailam
chanatha,thuri_gong
chandipur,hetwal
chandipur,lokha
changhou,guangzho
changhou,kaitong
changtou,hoxhou
changtou,kaixhou
changtou,loyong
changtou,mianzhou
changzu,fuyun
changzu,longhu
changzu,nagxian
changzu,shedong
changzu,shuzhu
channa,karalla
channa,north_aqai
channa,shubari
chanpat,kufni
chanpat,raebare
chanpat,rajat
chanpat,seramam
chanson,chonduin
chanson,east_boek
chanson,even_don
chanson,even_wes
chanson,lodan
chanson,west_elwen
chansu,doth_khadri
chansu,uruqi
charang,phatteng
charang,thong
charang,uttanoburi
charduin,estre
charduin,ewide
charduin,gileas
charduin,noklas
charduin,north_aldano
charduin,ulster
chari,hellwood
chari,jascay
chari,natjeri
chari,temino
charm,chonduin
charm,dalwe
charm,even_don
charm,ewesnido
charm,lodan
charm,omanede
chartor,magkchezd
chartor,oqorako
chartor,tertepa
chartor,uzkhakkul
chauy,kawtamu
chauy,monmala
chauy,montau
chelmak,govisum
chelmak,khentol
chelmak,leyndhan
chelmak,suttor
chelmak,ulimod
chenxiong,deshan
chenxiong,kaishan
chenxiong,nuju
chenxiong,sutzu
chenxiong,telnuss
cheokbang,cheongju
cheokbang,hoeryn
cheokbang,tanju
cheongju,gunam
cheongju,tanju
cheongju,tonsul
cheonju,gimtaek
cheonju,gowon
cheonju,itokai
cheonju,kimsul
cheonju,manjiyon
cheonju,onyanpo
cherrain,hammerkeep
cherrain,honeywell
cherrain,nothan
cherrain,peasants_rock
cherrain,teltran_border
cherrain,terl
chi_binh,phin_cah
chi_binh,sobei
chi_binh,tuy_ngu
chibai,chiyo
chibai,lukano
chibai,moyuk
chibai,nukarakur
chieftains_rock,gndombele
chieftains_rock,mnv
chieftains_rock,pakvrk
chieftains_rock,slavk
chieftains_rock,vlakdehsn
chimtitlo,chiquinamo
chimtitlo,natha_mavii
chimtitlo,quetzago
chinhati,gopaldum
chinhati,iron_mountains
chinhati,rajat
chinhati,seramam
chinoput,hadash
chinoput,kaapo
chinoput,minfiz
chinoput,shikarpud
chinoput,thattalput
chiquinamo,natha_chizu
chiquinamo,natha_mavii
chiquinamo,quetzago
chiquinamo,zacage
chisa,gonahk
chisa,jeomarn
chisa,khash
chisa,umuzgul
chitwanchok,parding
chiyo,ekur
chiyo,ichi
chiyo,kobashi
chiyo,lukano
chiyo,nakaito
chiyo,nukarakur
chiyo,rakur
chodni,jar_nav_blz
chodni,jotri
cholchek,dakiz
cholchek,feyzagab
cholchek,mosar
cholchek,nishamar
cholchek,sharyeh
chonduin,east_boek
chonduin,lodan
chonduin,omanede
chonttani,kaenlau
chonttani,kampung_bang
chonttani,khansur
chonttani,rayburi
chonttani,sawathayya
churling,gothram
churling,haunton
churling,krochil
churling,massex
churling,north_weald
churuz,cry
churuz,moxan_vexis
ciderfalls,devu
ciderfalls,waterspring
cifrat,saftat
ciilo,daelyon
ciilo,muir
ciilo,naavir
ciilo,uinme
cikunkur,cipyarpor
cikunkur,hurakur
cinderbrooke,keith
cinderbrooke,ninthstead
cinderbrooke,nordland
cinderbrooke,opirs_tears
cinderbrooke,westmoon
cipyarpor,mawaldaw
cipyarpor,pankya
cistern,dove_hills
cistern,fel_aenmyr
cistern,north_border
clenland,druxing
clenland,eastwoods
clenland,noekkern
clenland,orassland
clenland,referingen
clenland,terringen
cliffers_rock,milton_keyns
cliffers_rock,shazot
cliffers_rock,welding
cliffpoint,lamalie
cliffpoint,surdoux
cloudwatch,skystep
cobblers_gate,kaireuth
cobblers_gate,lafiess
cobblers_gate,oron
cohcne,donnall
cohcne,karolwyn
cohcne,lecan
cohcne,okran_steps
cohcne,razca
coihonne,mertin
coihonne,north_liivwhan_mountains
coihonne,omuwe
coihonne,samli
cold_passage,icewind
cold_passage,saruin
coldheart,kirlai
coldheart,noiaransi
coldheart,raiganj
coldmine,farak
coldmine,lower_tyrfak
coldmine,sarakul
coldmine,stoneport
coldshore,lower_mei
coldshore,the_barrens
coldshore,uva_shei
collara,drethen
collara,esmere
collara,kelas_alkanor
collara,ruine
collara,vision
collara,volvaan
conmo,dermion
conmo,elaindur
conmo,onglmin
connor,heyshire
connor,irburn
connor,linderton
connor,northtree
connor,south_giantswood
connor,treeshores
copper_bridge,goldenshores
copper_bridge,manillo
copper_bridge,nassia
copper_bridge,north_mylades
copper_hills,east_durms
copper_hills,lower_kaff
copper_hills,luerland
copper_hills,uckring
copper_hills,upper_kaff
copper_hills,west_durms
copperfield,eshing
copperfield,nightshore
copperfield,peasants_rock
copperfield,teltran_border
corath,edinsbern
corath,fishpoint
corei,quiwin
corei,virile
corei,vomar
corei,wanagoon
corei,wyeeroong
corolis,golden_hills
corolis,keesticum
corolis,naran_ubrex
corolis,salt_hills
corolis,vetrium
corvii,deglasia
corvii,gilden
corvii,lau
corvii,neletus
corvii,ravona
corvii,shyril
corvitano,elkenshield
corvitano,impar_civit
corvitano,tabata
corvitano,volaria
cothhan,daira
cothhan,goth_rul
cothhan,gyrrmun
cothhan,litisst
cothhan,scalemarsh
cothhan,shellwater_bridge
cothone,lersis_waters
cothone,lurica
cothone,nes_sidium
cothone,north_alletania
cothone,old_cotone
cottersbrouw,dun_hlololthl
cottersbrouw,slonon
cottleshores,eldershire
cottleshores,ironhoof
cove,keel
cove,shanty_port
coven,daruul
coven,deeppool
coven,fos
coven,khard
coven,leins_field
coven,lonefield
coven,sukhbaat
coverton,fielsenay
coverton,flagpeak
coverton,kalren
coverton,kintown
coverton,lakeview
coverton,northil
cowlon,kerrington
cowlon,ninthstead
cowlon,opirs_tears
cradon,gruhsey
cradon,nor_urt
crescent_crossings,lithryr
crescent_crossings,naita
crescent_crossings,omnoland
crescent_crossings,rivenall
crescent_crossings,stonewater
crescent_crossings,viijandor
crideth,east_liivwhan_mountains
crideth,elderflow
crideth,north_merena
crideth,northriver
crideth,rivnyyr
crimson_height,firehold
crimson_height,gyum_bera
crimson_height,tenyll
crimson_height,varavan
croak,dercci_ega
croak,krescro
croak,ogroz
croak,skein
croak,zrid
cross,paradellius
cross,puesca
cross,tosa
crossings,karsan
crossings,merilan
crossings,sumersyle
crossings,the_ellan
crowfoot_pass,mount_crow
crowfoot_pass,nordland
crowfoot_pass,usscaer
cry,necrom
crystal,pilssh
crystal,south_poldam
crystal_fields,narpi
dabani,matene
dabani,neheta
dabani,ogeno
dabani,shahatsi
dabani,south_tene
dacete,lidogo
dacete,mar_algo
dacete,meax
dacete,nudria
dacete,porgos
dacete,urriba
dadorn,ghaz
dadorn,musto
dadorn,south_antil
dadorn,tonka
daelyon,muir
daelyon,naavir
daesan,seosan
daesan,sihejeon
daesan,ujleonpo
dafur,hajtel
dafur,kurthic_shore
dafur,lakash
dafur,lower_greystone
dafur,shazzul
dafur,shotar
daggas,fjordheim
daggas,ijaran
daggas,ikonun
daggas,ogosland
daggas,otalar
daggas,rukksland
daggas,tvar
daggas,ugujaai
daggas,uugaq
dagholm,hjalvheim
dagholm,ufalla
dagoz,isbray
dagoz,lerga
dagoz,lichiq
dagoz,narak
daham,govdan
daham,leyndhan
daham,suttor
dahun,hedhun
dahun,lotarah
dahun,mhas
dahun,palash
dahun,sadrat
dahun,sindhsul
daiju,fukokuo
daiju,yatome
daira,ebbwater
daira,litisst
dakiz,lafat
dakiz,mosar
dakiz,nasirshrar
dakiz,sharyeh
dalai,nganeye
dalai,patheng
dalai,pwint
dalai,singpauk
dalai,upper_mei
dalai,yanyeii
dalbow,elphion
dalbow,erefion
dalbow,gaenad
dalbow,ganosede
dalbow,treegate
dalbow,wewe
dalland,ironstone
dalland,kasten
dalland,odoal
daltenburg,durnshore
daltenburg,nillland
daltenburg,rehten
daltenburg,schrenstonn
daltenburg,skycradle
dalwe,east_manta
dalwe,even_don
dalwe,whistle
damankaru,haryaf
damankaru,qaru
damankaru,rama
damankaru,tal_hoqq
damankaru,yemenkaru
damant,kosh
damant,obiyon
damant,seraz
damol,dashdan
damol,dercci_ega
damol,eshli
damol,kohsh
damol,krescro
dan_shei,lansun
dan_shei,masked_wood
dan_shei,stugol
dan_shei,whiterose
dangdao,koyang
dangdao,laochan
dangdao,lukou
dangdao,taigon
dangdao,tiexhou
dangdao,zhangxhou
danshan,leiyou
danshan,lili
danshan,meihu
danshan,pujing
danshan,yongxia
danshi,dongjiang
danshi,guixi
danshi,hangang
danshi,huchuan
danshi,lanxa
danshi,taixhou
danshi,yanqing
danui,longnoi
danui,trabao
danui,vung_tao
darepta,east_rose_forest
darepta,lidogo
darepta,loretania
darepta,nuremetum
darepta,oettica
darepta,porgos
darepta,west_rose_forest
darian_cliffs,penekran
darian_cliffs,tortus
darkhatar,erdaat
darkhatar,khom
darkmist,eje_rho
darkmist,stone_pale
darkmist,szaal
darkmist,under
darkmist,vek_wvi
darkov,govdan
darkov,khentol
darkov,suttor
darkov,ulbaan
darkwood,obreneh
darkwood,tarov
darkwood,ulstyzycyn
darmuth,ester_heights
darmuth,farmers_bridge
darmuth,marby
darmuth,parvahk
darpa_pass,oban
darpa_pass,saruin
darshire,doak
darshire,kopper_hills
darshire,ywellke
daruul,leins_field
daruul,ohtor
daruul,sukhbaat
daruul,undgom
darwex,eastlocke
darwex,keywick
darwex,murlocke
darwex,south_oten
darwex,southstead
darwex,tanners_fields
darwex,urndell
darwex,vinton
dasamor,dinim_mountains
dasamor,elim_auoborum
dasamor,elim_fast
dasamor,elim_kenoc
dashdan,dercci_ega
dashdan,dhacci
dashdan,eshli
dashdan,gujru
dashdan,koshksada
dashdan,shol
dashtand,lower_ngon
dashtand,mga
dashtand,mong
dashtand,ronaak
dashtand,shiramd
dasu,druhnbat
dasu,lebahal
dasu,sathal
dasu,sharti
dathuil,elend
dathuil,tire
dathuil,uthin
dati,iravi
dati,onvili
dati,vari
dauta,lower_ozamt
dauta,qadmo
dauta,rusta
dauta,umuzgul
dauta,vask
davanary,dharson
davanary,elwatahal
davanary,jalpur
davanary,laruto
davanary,ohipuri
dawlay,kyentong
dawlay,magthagaing
dawlay,pwint
dawlay,singpauk
dawn,greysand
dawn,piroll
dawnhill,kampen
dayak,homrat
dayak,hudar
dayak,jebou
dayak,salya
days_end,fele_kali
days_end,rrive
days_end,tekir
days_end,upper_abere
dcheskar,inezsset
dcheskar,marrchid
dcheskar,martain
dcheskar,ouan
dcheskar,zembal
dead_hills,nothern_deadlands
dead_hills,velath
dead_hills,western_deadlands
dead_steps,recreath
dead_steps,shanrya_plains
dead_steps,western_deadlands
dead_steps,zarocs_star
deade,foldes
deade,lowleaf
deade,perlino
deade,plumwood
deathfield,jumzi
deathfield,kom
deathfield,odren
deathfield,skaross
deathfield,titans_fist
deathfield,ukrath
deathfield,west_skeletal_shore
deaths_grasp,east_skeletal_shore
deaths_grasp,iraak
deaths_grasp,iron_wastes
debbes,kalren
debbes,whelby
deephold,east_tban
deephold,guldashi
deephold,tkvagri
deephold,west_tban
deepmure,grimhold
deepmure,hatmar
deepmure,mukul_dalam
deepmure,neera
deepmure,purge
deepmure,ulojong
deepmure,vice
deeppool,grief
deeppool,khard
deeppool,leins_field
deeppool,staugh
degan_coast,deyodoke
degan_coast,magohes
deglasia,muria
deglasia,murtte
deglasia,neletus
deglasia,ravere
deglasia,shyril
degon,myittalaw
degon,myogaing
degon,natmgon
dehsu,khimt
dehsu,marble_hills
dehsu,medpotjer
dehsu,tarkhahenet
dejdan,jara
dejdan,karahtel
dejdan,shanwah
dekoha,drotsifana
dekoha,fianaha
dekoha,lampytoro
dekoha,mirobe
dekoha,selake
delake,kisona
delake,pesnam
delake,taka_sado
delake,taweno
delake,west_peswatow
delake,woken_earth
delat,duqala
delat,jazar
delat,madhay
delat,mahbrin
delja,khali
delja,lojass
delja,ulti
delja,urad_roh
delja,urat_anad
delja,urat_farida
delnjsk,gndombele
delnjsk,mnv
delnjsk,opataik
delnjsk,walugd
delnjsk,wlatad
delphik,kalapis
delphik,katatis
delphik,makedama
delphik,tria
delvesh,moonfall
delvesh,roshi
delvesh,telankt
delvesh,tepes
delvesh,voran
den,druxing
den,labach
den,lenton
den,referingen
den,urallen
denas,foldes
denas,naerine
denas,perlino
denas,silverleaf
denas,vaalwood
denohwdh,doweme
denohwdh,lower_onondawe
denohwdh,niedeh
denohwdh,shotwe
denohwdh,windhills
denul,saltmarsh
denul,slajan
denul,west_eskawo
denul,yjg
denwood,ewesnido
denwood,looseleaf
denwood,loute
deqeshul,deshan
deqeshul,kampung_pre
deqeshul,mengli
deqeshul,nuju
deqeshul,sha
deqeshul,shangfu
deqeshul,yasung
der_khasjet,fanetset
der_khasjet,zerat
dercci_ega,dhacci
dercci_ega,keveg
dercci_ega,skein
dergard,dreb_pass
dergard,drebynheim
dergard,west_end
dermion,elaindur
dermion,elphion
dermion,onglmin
dermion,silverleaf
dermion,wewe
dernehborg,kiirogh
dernehborg,seyten
dernehborg,tagdag
derunn,holming
derunn,jutd
derunn,kyshvek_woods
deshan,kaishan
deshan,mengli
deshan,nuju
deshan,wenchong
deshan,xuanming
deslahal,druhnbat
deslahal,etrap
deslahal,gadan
deslahal,koytehs
deslahal,soyunduz
despots_gate,shakryn
despots_gate,tusynmir
desskarn,hjemvald
desskarn,kargvit
desskarn,nurtadsin
desskarn,rekran
detihs,hespha
detihs,onodanewa
detihs,pane
detihs,pewo_sado
detihs,sipih
detihs,west_chewa
devu,naat
devu,waterspring
dewesie,drazangownie
dewesie,janna
dewesie,olowiets
dewesie,zlathocs
deydi,haidun_cliffs
deydi,koyten
deydi,kundhrum
deydi,nahal
deyodoke,iwenwi
deyodoke,ogeno
dhacci,gujru
dhacci,keveg
dhacci,kiccan
dhacci,taqashat
dhalbat,jajarkum
dhalbat,lower_dragon_vale
dhalbat,onwen
dhalbat,surja
dhalbat,vhaka
dhalbat,west_chim
dhalj,ghait
dhalj,jhat
dhalj,seqal
dhalj,shabaq
dhamah,faqal
dhamah,khamra
dhamah,madra
dhamah,zajj
dhantari,ilamwas
dhantari,jhapam
dharson,jalpur
dharson,jangal
dharson,kajental
dharson,kotta
dharson,laruto
dhismir,hism_jabal
dhismir,jhistal
dhismir,yade
dhuzzal_ega,etrosh_ega
dhuzzal_ega,ga_vroz
dhuzzal_ega,kiccan
dhuzzal_ega,occult
dhuzzal_ega,qarro
dian,dong_ki
dian,gicabao
dian,treng_na
diana,llsarre
diana,melva
diana,reixbrix
diana,vilat
dianmatsi,diny
dianmatsi,horomon
dianmatsi,south_lov
dianmatsi,traders_post
dianmatsi,vohonale
diddidin,glitan
diddidin,korrewaling
diddidin,parilga
dien_thao,qui_ca
dien_thao,xuye_minh
dien_thao,yen_bin
dilum,laran_hills
dilum,lutera
dilum,mercant_square
dimetrin,erlah
dimetrin,sahid
dinim_mountains,elim_auoborum
dinim_mountains,shamor
dinim_mountains,tonim
dinvell,east_kurjen
dinvell,jellore
dinvell,tirsur
dinvell,west_kurjen
diny,ihote_matsia
diny,traders_post
diny,west_hillwood
diobhan,enoc_torse
diobhan,hlorma
diobhan,neaendh
diobhan,selc_marsh
diobhan,tagocs
diobhne,isidhuan
diobhne,west_pass
disdrava,drotsifana
disdrava,fitohanga
disdrava,manakanosy
disdrava,mitfefmia
djawaret,iwanw
djawaret,wephrehamun
djed,jarif
djed,nalman
djed,qaim
djed,qasyyah
djeda,iunmenu
djeda,neyb
djeda,pi_assmenehet
djeda,tepikhent
djennai,mauphat
djennai,tirsur
djenwi,kitogu
djenwi,lobod
djenwi,mong
djenwi,nwa_sanke
djenwi,ronaak
djenwi,slavk
djeta,manruh
djeta,sharti
dmoni,dushtsaq
dmoni,elderhollow
dmoni,iravi
dmoni,tnori
dmoni,tsigh
doak,ywellke
doddey,fainway
doddey,geldon_commons
doddey,sumersyle
doern,duvinn
doern,zavrin
dofos_pass,indijwe
dofos_pass,lanrak
dofos_pass,thoron
dogame,inumayo
dogame,karobu
dogame,katsukuchuo
dogame,nihamo
dogame,odasaka
dohone,matopog
dohone,morlach
dohone,nwa_karr
dohone,rodr
dohone,upper_lostwood
dohone,zvomenne
dolstead,fielsenay
dolstead,kelshire
dolstead,lakeview
dolstead,marat
dolstead,nirrweigh
dolstead,reach
dolstead,yorkey
domi,etaporo
domi,hitogawa
domi,joyochi
domi,nichibeoka
domi,yanzhen
domonian,huega
domonian,kavetwanchok
domonian,puigaxa
domonian,volarada
donbarak,whelps_hill
dong_ki,langso
dong_ki,phin_cao
dong_ki,treng_na
dongar,gilthe
dongar,inner_gazak
dongar,kol_rani
dongar,lizard_falls
dongar,north_blackmyre
dongfeng,haizi
dongfeng,hebma
dongfeng,jixyun
dongfeng,longhu
dongfeng,sanyu
dongish,dudhrej
dongish,lejtawal
dongish,teljarpas
dongish,yamonkal
dongjiang,guixi
dongjiang,hecho
dongjiang,liuping
dongjiang,yanqing
donnall,lecan
donnall,skyross
donnall,taghmore
donxu,fuhe
donxu,helin
donxu,muhe
donxu,tong
donxu,tsumawa
doom,drecashh
doom,ykek
doradeii,eljen
doradeii,hemakept
doradeii,liss
doradeii,nom
doradeii,southern_jotass
doradeii,thime
dorak,kalran
dorak,stoenmil
doran,hava
doran,lonsia
doran,orchard_downs
doran,ranacans
doran,reixbrix
doran,vilat
dordranach,east_edess
dordranach,yeotown
dorob,doth_khadri
dorob,emribi
dorob,sulukh
dorob,uruqi
doron,milis
doron,south_doron
doron,talya
doron,vogney
doshiyr,duvaran
doshiyr,felloan
doshiyr,jeeth
doshiyr,pamia
doshiyr,riverend
doshiyr,senon
doskth,lherrem_lham
doskth,sha_karaan
doskth,uhfa_lahm
doskth,yazu_desert
doth_khadri,sulukh
doth_khadri,uruqi
doth_khadri,vosgol
doth_khagan,qimay
doth_khasul,kukaatar
doth_khasul,lhaan
doth_khasul,lheyse
dothrin_coast,firegold
dothrin_coast,southpeak
dothrin_coast,starain
dove_hills,elvenwoods
dove_hills,maurwood
dove_hills,north_border
doverland,dulingen
doverland,nervonshire
doverland,thaler
doverland,uwl
doverland,vernen
doweme,matene
doweme,niedeh
doweme,north_tene
doweme,shahatsi
doweme,shotwe
doweme,weheni
downheart,lower_leia
downheart,mounne
downheart,nes_sidium
downheart,peradma
downheart,phage
downheart,phoettica
downheart,south_plains
dragonshore,gyum_yegh
dragonshore,lower_lovash
drake,goliant_forest
drake,kelas_scar
drake,reverent
drake,sinderion
drake,uvollis
drake,west_northlands
drakush,limaj
drakush,shazzul
drakush,vek_aba
dranit,ilshaf
dranit,marrchid
dranit,ouan
drazangownie,ghavrar
drazangownie,olowiets
drazangownie,wielnowas
drazangownie,zelen
drazangownie,zlathocs
dread,inner_jags
dread,mourning_lands
dread,spiceport
dread,tears_embrace
dreb_pass,high_lotshal
drebynheim,kridan
drebynheim,west_end
drecashh,mountain_shore
drecashh,ochkor
drethen,kelas_alkanor
drethen,kelas_tell_vinir
drethen,othedas
drethen,rudrin
drethen,shank
drethen,synister
dro_ega,gazri
dro_ega,whaleport
drotsifana,lampytoro
drotsifana,mirobe
drotsifana,mitfefmia
druada,enoc_brenn
druada,freyn
druada,renna
druada,sleiporg
druada,tagocs
druhnbat,etrap
druhnbat,koytehs
druhnbat,sathal
druxing,ellisai
druxing,isel
druxing,referingen
druxing,terringen
dshuvulborg,gubjak
dshuvulborg,khtar
dshuvulborg,mosgha
dshuvulborg,muryat
dudhrej,jahanpu
dudhrej,noiaransi
dudhrej,simurkesh
dudhrej,teljarpas
dudhrej,yamonkal
duinas_kal,firegold
duinas_kal,great_throne_hall
duinas_kal,menien
duinas_kal,salren
duinas_kal,starain
duinas_kal,sunhall
duinbar,elvekken
duinbar,farak
duinbar,forge_habour
duinbar,waterhold
dujing,jinhshai
dujing,lixon
dujing,sixhou
dujing,xibei
dukho,sha_karaan
dukho,utoriha
dukho,verile
dulingen,gilded_hills
dulingen,jearing
dulingen,kaapers
dulingen,vernen
dumaq,gatjal
dumaq,saflih
dun_bodhe,dun_kilkrac
dun_bodhe,dun_ywerdunll
dun_bodhe,fourning
dun_briach,dun_darhbh
dun_briach,dun_ekvyirks
dun_briach,dun_hlohsich
dun_briach,kettle_forest
dun_briach,morrows
dun_briach,shores
dun_briach,vul
dun_darhbh,dun_ekvyirks
dun_darhbh,dun_hlohsich
dun_ekvyirks,dun_ferreg
dun_ekvyirks,in_castel
dun_ekvyirks,toderegg
dun_ekvyirks,vul
dun_ferreg,dun_kilkrac
dun_ferreg,fourning
dun_ferreg,in_castel
dun_hlohsich,shores
dun_hlololthl,dun_ketwic
dun_hlololthl,dun_murdrach
dun_hlololthl,foregg_dun
dun_hlololthl,yoht
dun_hlololthl,ywes
dun_ketwic,dun_ywerdunll
dun_ketwic,foregg_dun
dun_ketwic,nuardernec
dun_kilkrac,fourning
dun_kilkrac,klar
dun_murdrach,greythen
dun_murdrach,north_greyswood
dun_murdrach,ywes
dun_ywerdunll,fourning
dun_ywerdunll,nuardernec
dun_ywerdunll,wayfurd
dune,southrock
dunewood,kary
dunewood,satagwah
dunewood,venegetera
dunmane,fel_narinya
dunmane,felloan
dunmane,riverend
dunmane,urent
duntobor,keverel
duntobor,stone_fjords
duoloch_hills,kingcahst
duoloch_hills,westoc
dupir,elders_rock
dupir,hittas
dupir,jacek
dupir,malgi
dupir,shapan
dupir,tumlib
duqala,madhay
duqala,mahbrin
duril,jarnstein
duril,minheim
duril,redsteel
durnshore,rehten
durnshore,schrenstonn
durnshore,tanne_mouth
durris,kravane
durris,morning_hills
durris,shkoke
durshnunna,eylon
durshnunna,mappun
durshnunna,nerigalzu
durshnunna,sasum
dushanagwe,eweh
dushanagwe,gantep
dushanagwe,kepananga
dushanagwe,west_mersi
dushtsaq,kutsasikhe
dushtsaq,tnori
dusk,grace
dusk,jedite
dusk,pogram
dusk,rravn
dusk,shkodha
dusk_valley,kelas_rea
dusk_valley,ludras
dusk_valley,magelight
dusk_valley,recreath
dusk_valley,shanrya_plains
duvaran,jeeth
duvaran,plumwood
duvaran,senon
duvaran,yovann
duvilrvyn,ras_tir
duvilrvyn,sabassa
duvilrvyn,shank
duvilrvyn,synister
duvinn,merock
duvinn,velming
dwasam,kagang
dwasam,maul
dwasam,opataik
dwasam,walugd
dwasam,wlatad
dwenede,elanoe
dwenede,noklas
dwenede,south_aldano
dwenede,windleaf
east_auckshire,fainway
east_auckshire,nirrweigh
east_auckshire,reach
east_auckshire,south_greyswood
east_auckshire,west_auckshire
east_boek,falansyr
east_boek,omanede
east_boek,thronde
east_boek,west_elwen
east_briihk,tavehk
east_briihk,west_briihk
east_chewa,parth
east_chewa,sipih
east_chewa,south_antara
east_chewa,stahyin
east_chewa,west_chewa
east_chim,lokha
east_chim,vhaka
east_chim,west_chim
east_dawnwood,kelas_rea
east_dawnwood,ludras
east_dawnwood,sathrone
east_dawnwood,south_dawnwood
east_dawnwood,stonewood
east_durms,firehills
east_durms,west_durms
east_edess,longshore
east_edess,senigal
east_edess,yeotown
east_errastas,livio_qum
east_errastas,livio_telum
east_errastas,muiness
east_errastas,urum_ier
east_errastas,west_errastas
east_eshhan,elvon
east_eshhan,fuldstan
east_eshhan,kashtabal
east_eshhan,nafez
east_hallsey,hallenheim
east_hallsey,kilhorn
east_hallsey,west_hallsey
east_hillwood,ihote_ambi
east_hillwood,janna
east_hillwood,uka_povra
east_isle,rainshore
east_isle,west_isle
east_kapland,hofen
east_kapland,icerun
east_kapland,lower_eyslo
east_kapland,njarla
east_kapland,nykra
east_kapland,upper_eyslo
east_kapland,west_kapland
east_kurjen,jokhtar
east_kurjen,purpur
east_kurjen,tirsur
east_kurjen,vittor
east_kurjen,west_kurjen
east_liivwhan_mountains,north_liivwhan_mountains
east_liivwhan_mountains,north_merena
east_liivwhan_mountains,tfaille
east_manta,even_don
east_manta,even_wes
east_manta,mertin
east_manta,safrak
east_manta,tekir
east_maroon_isle,west_maroon_isle
east_mersi,kirkatay
east_mersi,mugayd
east_mersi,safrak
east_mersi,tekir
east_mylades,elkenshield
east_mylades,goldvale
east_mylades,manillo
east_mylades,miktria
east_mylades,naupathos
east_mylades,noretium
east_mylades,north_mylades
east_mylades,opoll
east_mylades,volaria
east_northlands,gilthe
east_northlands,goliant_forest
east_northlands,inner_gazak
east_northlands,kol_ti
east_northlands,reckless
east_northlands,west_northlands
east_peswatow,gantep
east_peswatow,guldaeli
east_peswatow,katonwe
east_peswatow,west_peswatow
east_rolling_plains,esengluk
east_rolling_plains,faraguz
east_rolling_plains,hadruhn
east_rolling_plains,horse_mounds
east_rolling_plains,west_rolling_plains
east_rose_forest,loretania
east_rose_forest,paradellius
east_rose_forest,rosewood
east_rose_forest,west_rose_forest
east_shasta,lan_lahm
east_shasta,qhirash
east_shasta,thah
east_shasta,west_shasta
east_skeletal_shore,iraak
east_skeletal_shore,iron_wastes
east_skeletal_shore,skaross
east_spice_island,west_spice_island
east_tban,guldashi
east_tban,tbandsi
east_tban,upper_ozamt
east_tban,west_tban
east_thalhin,lanrak
east_thalhin,minehold
east_thalhin,thoron
east_thalhin,west_thalhin
east_trinning,elvos
east_trinning,ember
east_trinning,moria
east_verdanya,mar_casta
east_verdanya,melra
east_verdanya,nurcian_forest
east_verdanya,rachan
east_verdanya,vallreix
east_verdanya,west_verdanya
east_way,hallrend
east_way,highstone
east_way,karsain
eastbridge,ironhoof
eastbridge,morarch
eastbridge,orenheim
eastbridge,yoren
eastern_deadlands,kryn
eastern_deadlands,nothern_deadlands
eastern_deadlands,stonewood
eastern_deadlands,velath
eastlocke,murlocke
eastlocke,plains_of_iss
eastlocke,south_oten
eastmarsh,merta
eastmarsh,opontao
eastmarsh,thelan_marsh
eastmarsh,thelis
eastmarsh,westmarsh
eastshore,lorritz
eastshore,nudria
eastshore,puixol
eastshore,uvorra
eastshore,vallreix
eastwoods,gorgnot
eastwoods,referingen
eastwoods,riverrest
eastwoods,uthan
eastwoods,westwoods
ebbwater,goth_rul
ebbwater,kelpmarsh
ebbwater,litisst
ebbwater,west_northlands
ecas,esmedera
ecas,sece
ecas,two_shores
ecas,weyes
ecia,lorrelaie
ecia,muiness
ecia,teneth
edden_hills,gothram
edden_hills,krochil
edden_hills,negetta
edinsbern,fishpoint
edonzd,kitogu
edonzd,mga
edonzd,mong
edonzd,odmgo
edremar,jinnakun
edremar,mazor
edremar,quiwin
edremar,tarawanthin
edroso,hayfield
edroso,merta
edroso,opontao
edroso,raoho
edurn,jorkansaed
edurn,lokan
edurn,rivers_shore
edurn,traders_post
eeaster,hyles
eeaster,limyer
eeaster,sunfall
eeaster,threin
eeaster,vaalwood
eesland,northrise
eesland,shieldstone
eje_rho,stone_pale
eje_rho,szaal
eje_rho,upper_sola
ekhomeni,qrak
ekhomeni,shubari
ekhomeni,sire
ekur,nukarakur
ekur,rakur
ekur,roskara
ekur,yakur
elaindur,root
elaindur,wewe
elan,koomer
elan,naragagello
elan,telabucco
elan_chambris,frells_ring
elan_chambris,senigal
elano,ferreiseta
elano,impar_civit
elano,impar_pomo
elano,ravio
elanoe,gawiel
elanoe,theonas
elanoe,windleaf
elberland,sentic_hills
elberland,sonar
elberland,south_doron
elberland,vogney
elbestone,karland
elbestone,odensbur
elbestone,tanne_mouth
elbrose,mallish
elbrose,mayshire
elbrose,merilan
elbrose,oselham
elbrose,southstead
elbrose,treemont
elcnoe,ichuer
elcnoe,isidhuan
elcnoe,mount_owain
elderflow,isildei
elderflow,north_summerlands
elderflow,northriver
elderflow,rivnyyr
elderflow,viijandor
elderflow,zuwe
elderhollow,iravi
elderhollow,khobad
elderhollow,tsigh
elderhollow,vari
elders_rock,jacek
elders_rock,kavice
elders_rock,shapan
elders_rock,sulcek
elderstone,estshire
elderstone,newcorpse
elderstone,southrocks
elderstone,ulstanshire
element,nuretego
element,tradewatch
element,valdan
element,vitejo
elend,highrune
eleon,gandalur
eleon,mereneth
eleon,sunfall
eleon,vigil
eleon,westlake
elfall,eshire
elfall,glen_hills
elfall,glenbrooke
elfall,leternshire
elien,salren
elien,siret
elien,uposs
elim_auoborum,elim_fast
elim_auoborum,shamor
elim_auoborum,upper_trovan_coast
elim_avarice,elim_lath
elim_avarice,kokpi
elim_avarice,shoulder
elim_fast,elim_kenoc
elim_fast,lower_trovan_coast
elim_fast,upper_trovan_coast
elim_kenoc,lower_trovan_coast
elim_kenoc,mourning_lands
elim_lath,pell
elim_lath,shamor
elim_lath,shoulder
eljen,nom
eljen,thime
elkenshield,naupathos
elkenshield,volaria
ellerham,orlone
ellerham,seaview
ellerham,sorraine
ellisai,grinningen
ellisai,isel
ellisai,wallamh
elona,melva
elona,varragone
elona,volost
elonei,hunlat
elonei,mukul_bangak
elonei,pajbus
elonei,sabajong
elonei,uchei
elonei,wonggerek
elonei,wufrti
elot,kalum
elphion,gaenad
elphion,perlino
elphion,silverleaf
elphion,wewe
elr_hlot,elr_mwe
elr_hlot,leklins_clearing
elr_hlot,lostwood_flank
elr_hlot,wausda
elr_hlot,ykek
elr_lpu,lopurszd
elr_lpu,sagzdum
elr_lpu,udverl
elr_mwe,lopurszd
elr_mwe,udverl
elr_mwe,wausda
elvekken,waterhold
elveli,hydermam
elveli,kharreb
elveli,madrai
elveli,majhin
elvendale,gandalur
elvendale,llandar
elvendale,mithras
elvendale,westlake
elvenwoods,negetta
elvenwoods,westlake
elvon,eshli
elvon,kashtabal
elvon,kohsh
elvos,ember
elvos,farvos
elvos,taria
elwatahal,laruto
elwatahal,maneheart
elwatahal,ohipuri
elwatahal,oqondis
elwatahal,pajapat
elwatahal,puralas
emagwewe,haan
emagwewe,kokpi
emagwewe,many_rivers
emagwewe,shoulder
ember,farvos
ember,moria
ember,north_embers
ember_point,rule
ember_point,trist
emeth,esmedera
emeth,lower_silavan
emeth,nur_udal
emeth,oakenrest
emeth,outer_silv
emgardum,miktria
emgardum,opoll
emgardum,veras
empagolata,kwama
empagolata,lundlilu
empagolata,ndaku
emribi,sukutar
emribi,sulukh
emribi,urlohn
emtar,sotvin
enabava,fotavina
enabava,inany
enabava,mafianatoa
enabava,manafeno
enabava,nelvara
enabava,shitano
enabava,vatoma
endgap,fongoion
endgap,gawiel
endgap,hlaul
endgap,thornroot
endgate,flamon
endgate,pirates_cove
enia,hava
enia,ranacans
enia,varragone
enia,vilat
enoc_brenn,freyn
enoc_brenn,ormsdalr
enoc_torse,hlorma
enoc_torse,selc_marsh
eper,ice_river
eper,talmyr
epu,hebsi
epu,kunoudet
epu,kupi
epu,pi_aswa
eragewoi,gabba
eragewoi,koonatin
eragewoi,seridar
eragewoi,srjajan
eragewoi,sungalbun
eragewoi,tamosokaz
eramatan,feyzagab
eramatan,hagsus
eramatan,parahan
eramatan,sharyeh
eramatan,taleqas
eras_abillo,magol
eras_abillo,persinium
eras_abillo,veixas
erdaat,selegon
erdopor,pasarpor
erdopor,qasahud
erduz,ifmand
erduz,laghor
erduz,sandhills
erduz,satagwah
erduz,tonka
erefion,ganosede
erefion,root
erefion,uwon
erefion,wewe
erirban,hedhun
erirban,jundam
erirban,kriup
erirban,mhas
erirban,terbrahm
erlah,evahran_wadi_
erotaq,faram
erotaq,qivat_kafar
erotaq,qivat_rot
erotaq,tiqanna
erpfad,labeck
erpfad,lower_aating
erpfad,oltendoch
erpfad,south_zahlitz
esar_coast,orchard_downs
esar_coast,pearwood
esar_coast,tortus
escroix,farmhills
escroix,legues
escroix,lower_tyrn
escroix,marraf
escuino,natha_chizu
escuino,quetzago
escuino,tria
esengluk,hadruhn
esengluk,kundhrum
esengluk,nahal
esfamlends,fainway
esfamlends,keltran
esfamlends,north_kingsway
esfamlends,south_kingsway
esfamlends,sumersyle
esfamlends,west_auckshire
esharr,gharslat
esharr,naluk
esharr,wahabi
eshing,grinningen
eshing,hills_of_ire
eshing,holtland
eshing,nightshore
eshing,openfield
eshing,teltran_border
eshire,gothram
eshire,leternshire
eshire,massex
eshli,kashtabal
eshli,kohsh
eshli,koshksada
eshran,ferhun
eshran,isopor
eshran,qol
eshran,south_bal
eshurbi,goffa
eshurbi,tagol
eslip,kavice
eslip,mashkan
eslip,shapan
eslip,yabil
esme_rake,korul
esme_rake,vek_wvi
esme_rake,west_eskawo
esmedera,nur_deledein
esmedera,oakenrest
esmedera,outer_silv
esmedera,sece
esmedera,two_shores
esmere,mana
esmere,rudrin
esmere,ruine
esper,moonfall
esper,shkodha
esper,south_elvan
esper,vultin
esper,west_tirol
essing,foring_head
essing,grevitz
essing,longforst
essing,north_wild_lake
essing,sassuwe
essing,south_wild_lake
ester_heights,farmers_bridge
ester_heights,fintonshire
ester_heights,millerstead
ester_heights,north_oten
ester_heights,tanners_fields
estre,feignheart
estre,gileas
estre,north_aldano
estrela,ganymera
estrela,hayfield
estrela,nesao
estrela,raoho
estshire,southrocks
estshire,ulstanshire
etalor,jellore
etalor,oqondis
etalor,purpur
etalor,west_kurjen
etaporo,hadan
etaporo,joyochi
etaporo,kamedana
etaporo,mizujo
etaporo,nichibeoka
etaporo,shiono
etrap,sathal
etrap,soyunduz
etrap,west_rolling_plains
etrosh_ega,ga_vroz
etrosh_ega,gazri
etrosh_ega,occult
etukur,iruskpankur
etukur,kayekur
etukur,noyaunkur
etukur,penionkur
etukur,roskara
etukur,uk
euper,star_pass
euper,verp
euwex,knights_mouth
euwex,nervonshire
euwex,nillland
euwex,skycradle
euwex,vernen
evahran_wadi_,joghlan
evahran_wadi_,sandhills
even_don,even_wes
even_don,lodan
even_wes,tekir
even_wes,upper_abere
even_wes,west_elwen
evkhal,isopor
evkhal,jarhun
evkhal,osil
evkhal,palash
evkhal,purhun
evredd,jothan
evredd,lower_alda
evredd,staaldan
ewaduwh,hasene
ewaduwh,kisona
ewaduwh,north_tene
ewaduwh,nowata
ewaduwh,south_dageh
ewaduwh,woken_earth
eweh,kepananga
eweh,korzhd
eweh,nightshade_rise
eweh,north_dageh
eweh,nowata
eweh,rravn
eweh,south_dageh
ewesnido,falansyr
ewesnido,omanede
ewesnido,treegate
ewesnido,unwil
eweste,ferel
eweste,fongoion
eweste,telankt
eweste,thornroot
eweste,thronde
eweste,vorrik
ewide,gileas
ewide,lower_bracken
ewide,ulster
exixerre,legri
exixerre,naran_peum
exixerre,saldosa
exixerre,segium
eylon,farsu_ve
eylon,mappun
eylon,topis
ezweratundi,lonumu
ezweratundi,qunta
ezweratundi,thakawini
ezweratundi,zukwadusu
faction_point,fielsenay
faction_point,flagpeak
faction_point,perlton
fainway,geldon_commons
fainway,kelshire
fainway,nirrweigh
fainway,sumersyle
fainway,west_auckshire
faisa,jhanput
faisa,sialput
falansyr,omanede
falansyr,unwil
faler,ilramon
faler,ostralestia
faler,porgos
faler,urriba
faler,ventrila
faler,west_rose_forest
falkenholm,hersh
falkenholm,north_belaff
falkenholm,south_belaff
falkenholm,south_skjoll
falkenholm,west_pass
fallhaven,nos_tari
fallhaven,yes_tari
fallows_ridge,greythen
fallows_ridge,kintown
fallows_ridge,lindow
fallows_ridge,shacktown
falsuin,great_throne_hall
falsuin,nur_falswe
falsuin,nur_udal
falsuin,outer_silv
falsuin,yesermin
fanadre,ivoanala
fanadre,lampytoro
fanadre,ledrolovo
fanadre,manala
fanadre,mitfefmia
fanetset,khimt
fanetset,menheka
fanetset,zerat
fang,ghogri_ega
fang,hisqon_lahm
fang,kocroz
fang,leylom
fang,reaver
fang,sha_farif
fang,yer
faqal,madra
faqal,yarayn
faqal,zajj
faraguz,hadruhn
faraguz,lebahal
faraguz,west_rolling_plains
farak,forge_habour
farak,lower_tyrfak
farak,stoneport
farak,waterhold
faram,qivat_kafar
faram,qivat_rot
faram,qivat_yon
faram,shqel
farbul,ferah
farbul,ghormand
farbul,shad
farbus,fos
farbus,nocturne
farbus,tain_on_the_wes
farmhills,lower_tyrn
farmhills,marraf
farmhills,upper_tyrn
farsu_ve,gratuk
farsu_ve,hrankovic
farsu_ve,kornocany
farsu_ve,mappun
farsu_ve,topis
farvos,north_embers
farvos,taria
fawn,impar_lecco
fawn,luro
fawn,ravio
feignheart,gileas
feignheart,thilde
fejas,fetrash
fejas,gunkulam
fejas,mojen
fejas,okojen
fejas,raijat
fejas,samdur
fejas,shahjan
fel_aenmyr,limara
fel_aenmyr,north_border
fel_aenmyr,vigil
fel_narinya,llandar
fel_narinya,naerine
fel_narinya,urent
fel_narinya,vaalwood
fele_kali,morning_hills
fele_kali,prene
fele_kali,rrive
fele_libi,males
fele_libi,north_elvan
fele_libi,south_elvan
fele_libi,szaal
fele_libi,upper_sola
fele_libi,vultin
fele_repi,gadah
fele_repi,malier
fele_repi,ononaha
fele_repi,shkoji
fele_rini,mirdas
fele_rini,nightshade_rise
fele_rini,ode
fele_rini,tarankt
fele_rini,tieva
fele_rini,vire
fele_rini,west_tirol
fele_sili,fierdec
fele_sili,roshi
fele_sili,rrogonis
fele_sili,telankt
fele_sili,vorrik
fellisin,lower_geccar
fellisin,umbrino
fellisin,vodiss
fellisin,zazara
felloan,mithras
felloan,riverend
felloan,urent
fellspar,highreach
fellspar,rrulze
fellspar,shkodha
fellspar,vultin
feltas,south_border
feltas,south_pirec
feltas,tonim
ferah,ghormand
ferah,ghozni
ferah,sramand
ferel,gawiel
ferel,telankt
ferel,theonas
ferel,thornroot
ferel,voran
ferhun,kilad
ferhun,qol
ferhun,sadakiz
ferhun,taqgan
ferovit,kridan
ferreiseta,nuretego
ferreiseta,reira
fertu_lahm,hiqaon
fertu_lahm,isti_lahm
fertu_lahm,jamb
fertu_lahm,jukhem
fertu_lahm,kanabis
fertu_lahm,yer
fester,inner_indyl
fester,ras_dinryl
fester,ras_ebeleth
fester,westrim
fetrash,kochapur
fetrash,obhanva
fetrash,panidar
fetrash,raijat
fetrash,samdur
fewiaj,isildei
fewiaj,liviean
fewiaj,lorrelaie
fewiaj,summerlands
fewiaj,volam
feyzagab,nishamar
feyzagab,sanshej
feyzagab,sappur
feyzagab,sharyeh
fianaha,mirobe
fianaha,selake
fianaha,sirabe
fianaha,wreath
fielsenay,flagpeak
fielsenay,lakeview
fielsenay,marat
fielsenay,perlton
fierdec,livorrik
fierdec,vorrik
fintonshire,ixsley
fintonshire,kalon
fintonshire,north_oten
fintonshire,north_tevan
fintonshire,shazot
fionada,hlaul
fionada,lenthin
fionada,thede
fionada,uwon
firefish_end,hemakept
firefish_end,kesta
firefish_end,kol_rani
firefish_end,liss
firefish_end,sokso
firefish_end,south_blackmyre
firegold,starain
firegold,sunhall
firegold,valion
firehills,forge
firehills,gavern
firehills,logino
firehills,saldosa
firehills,west_durms
firehold,varavan
firehold,vrasin
firewood,kaarn
firewood,ulv
firstbridge,hillhome
firstbridge,lowersif
firstbridge,moons_end
firstbridge,riverway
fitohanga,ledrolovo
fitohanga,mahanogo
fitohanga,manakanosy
fitohanga,mitfefmia
fitohanga,vatvaka
five_towers,southern_ellain
fjoltan,heterland
fjoltan,lathur
fjoltan,merstrond
fjoltan,uldr_skjoll
fjoltan,west_skjoll
fjordheim,leden
fjordheim,rukksland
fjordheim,uugaq
flagpeak,kalren
flamehold,gonrim
flodden,greyland
flodden,hrafnborg
flodden,rasland
flodden,roskir
flodden,talmyr
flodden,tormund
fluten_shore,naat
fluten_shore,reapers_hedge
foldes,naerine
foldes,perlino
foldes,plumwood
fonder,greenscale
fonder,noklas
fonder,ulster
fongoion,hlaul
fongoion,thornroot
fongoion,thronde
forderen,mundren
forderen,nedland
forderen,ris
forderen,sixja
foregg_dun,nuardernec
foregg_dun,yoht
forge,ironhill
forge,logino
forge,saldosa
forge_habour,lower_tyrfak
foring_head,longforst
foring_head,south_wild_lake
foring_head,upper_foring
foringwoods,lafiess
foringwoods,merenil
foringwoods,upper_foring
foringwoods,woods_end
forly,kaupton
forly,nothan
forly,onrell
forly,plains_of_iss
forly,terl
forly,wearshire
fos,khard
fos,lonefield
fos,nocturne
fos,tain_on_the_wes
foshan_edge,moccis
foshan_edge,sadaib
foshan_edge,thah
foshomen,guango
foshomen,sishing
foshomen,wuchow
fotavina,karatra
fotavina,shitano
fotavina,upper_fian
fourning,wayfurd
frek,hewakichi
frek,ochakik
frek,scunt
frells_ring,senigal
freyn,votun
frys,gagasla
frys,roslagn
frys,solper
fuad,sire
fuad,zuwar
fudul,hibashul
fudul,umush
fuhe,helin
fuhe,shijiao
fuhe,taigon
fuhe,taishou
fuhe,tong
fuhe,zhangxhou
fuhu,qufe
fuhu,weijian
fuhu,wuzang
fuhu,yanhu
fuhu,zizhong
fuisnat,gilton
fuisnat,merenaii
fuisnat,north_merena
fuisnat,osmarli
fuisnat,south_merena
fukokuo,itokai
fukokuo,izubae
fukokuo,naiju
fukokuo,yatome
fuldstan,golpaye
fuldstan,kashtabal
fuldstan,mobakes
fuldstan,nafez
fuq,talmhen
furshkan,north_dageh
furshkan,pogram
furshkan,rravn
furshkan,shadowspire
furshkan,telanir
fuxi,jixyun
fuxi,lhabei
fuxi,shijichun
fuxi,tongquan
fuyun,jixyun
fuyun,longhu
fuyun,nagxian
fuyun,tongquan
ga_vroz,keveg
ga_vroz,kiccan
gabba,koonatin
gabba,kriup
gabba,perderimgu
gabbal,goondjeta
gabbal,nerporinne
gabbal,sarkhan
gabbal,werridu
gadah,ononaha
gadah,sadekonn
gadah,shotate
gadan,hahsan
gadan,koytehs
gadan,mehen
gadan,soyunduz
gaenad,looseleaf
gaenad,lowleaf
gaenad,perlino
gagasla,icerun
gagasla,roslagn
gagasla,solper
gahand,gehsh
gahand,lsnevek
gahand,malred
gahand,slank
gahand,speartree
galens,gresmond
galens,ilkshire
galens,northmouth
galens,toderegg
galens,vul
gales,old_vielle
gales,vielle
galmer,hross
galmer,mundren
galmer,north_hovn
galmer,torben
galuca,lamadura
galuca,lonia
galuca,upper_tyrn
galwit,minolon
galwit,tainde
galwit,tolnmid
ganara,isata
ganara,kekbat
ganara,nashde
ganara,uzgul
gandalur,llandar
gandalur,sunfall
gandalur,threin
gandalur,westlake
ganosede,thede
ganosede,treegate
ganosede,unwil
ganosede,uwon
gantep,guldaeli
gantep,orat
gantep,west_mersi
ganymera,nesao
ganymera,raoho
garak_ja,shellfire
garak_ja,udanhet
gardan,kianshej
gardan,qarchuk
gardan,taqashat
garven,karecht
garven,stallrvan
gastan,hashma
gastan,kartour
gastan,nerporinne
gastan,sanrih
gastan,werridu
gatjal,hajjin
gatjal,hareem
gatjal,saflih
gavern,goldenshores
gavern,logino
gavern,nassia
gavern,west_durms
gavern,westyard
gawiel,theonas
gawiel,thornroot
gawiel,windleaf
gazdag,gubdep
gazdag,khoru
gazdag,kiirogh
gazdag,obiyon
gazdag,seyten
gehsh,lsnevek
gehsh,nwa_eswo
gehsh,speartree
geldon_commons,kelshire
geldon_commons,millerstead
geldon_commons,wheyfield
gerdin,irade
gerdin,kasht
gerdin,lorat
gerdin,maszr
gerdin,stoneden
germont,lowersif
germont,mallish
germont,oselham
gesrutat,khmut
gesrutat,shetdju
ghabi,hayaan
ghabi,naluk
ghabi,qurbuk
ghabi,tobwiya
ghabi,uchei
ghabi,wonggerek
ghait,sanrit
ghait,shabaq
ghamd,herhar
ghamd,lokh
ghamd,pandur
gharslat,juman
gharslat,naluk
gharslat,qurbuk
ghavrar,lakkoc
ghavrar,luz_forest
ghavrar,olowiets
ghavrar,rivermark
ghavrar,wielnowas
ghaz,ifmand
ghaz,takh
ghaz,tonka
gherrwah,khofir
gherrwah,meqqon
gherrwah,saflih
ghogri_ega,lilac
ghogri_ega,okrul
ghogri_ega,sha_farif
ghogri_ega,ushbukh
ghorama,hetwal
ghormand,khal
ghormand,lashzar
ghormand,pardahn
ghormand,shad
ghormand,sramand
ghozni,herhar
ghozni,khomand
ghozni,pandur
ghozni,sramand
gicabao,sobei
gicabao,treng_na
gil_kal_kur,lissht
gil_kal_kur,lower_silavan
gil_kal_kur,mundin
gil_kal_kur,nur_udal
gil_kal_kur,yesermin
gilded_hills,ingsbruck
gilded_hills,kaapers
gilden,lau
gilden,shyril
gildhaven,hreimgild
gildhaven,kettle_forest
gildhaven,milvrik
gileas,lower_bracken
gilofa,irdun
gilofa,kadifar
gilofa,milis
gilofa,somare
gilofa,talya
gilthe,inner_gazak
gilthe,lizard_falls
gilthe,lower_fian
gilthe,upper_fian
gilton,milis
gilton,osmarli
gilton,south_merena
gilton,vogney
gimtaek,kaejul
gimtaek,manjiyon
gimtaek,pyeonang
gioze,mauqus
gkuzu,raddo
gkuzu,shathra
gkuzu,whaleport
glaswijk,shieldstone
gleifingr,orbonfell
gleifingr,sjaldan
gleifingr,skallor
glen_hills,glenbrooke
glen_hills,lowlight
glen_hills,pamia
glen_hills,ralvan
glenbrooke,leternshire
glenbrooke,norwikk
glenbrooke,ralvan
glimmer_hills,goldhill
glimmer_hills,lound
glitan,kharkul
glitan,ornogov
glitan,parilga
glittering_dunes,shetdju
glittering_dunes,swais
glittering_dunes,ta_waset
glockvein,kington
glockvein,lower_aating
glockvein,north_zahlitz
glockvein,silver_hills
glockvein,upper_aating
glockvein,vern
gndombele,mnv
gndombele,opataik
gndombele,pakvrk
gndombele,rabr
gnoih,henwa
gnoih,inogedeh
gnoih,mahasenwe
gnoih,sadekonn
gnoih,shotate
goblin_pass,lagoali
goblin_pass,lesser
goblin_pass,nas_end
goffa,marhas
goffa,tagol
gohan,onwen
gohan,waterport
gokejak,horse_mounds
gokejak,kerhal
gokun,jedei_purash
gokun,jeii
gokun,korul
gokun,yjg
golbad,jahanbhals
golbad,jahmbh
golbad,karwasman
golbad,myre
golbad,spice_hills
golden_hills,keesticum
golden_hills,mar_bedo
golden_hills,varalusia
golden_hills,vetrium
goldenshores,kallos
goldenshores,nassia
goldenshores,north_mylades
goldenshores,panus
goldflow,mounne
goldflow,phoettica
goldhill,mundar
goldhill,wide_banks
goldvale,livia
goldvale,manillo
goldvale,noretium
goliant_forest,lower_fian
goliant_forest,north_lestan_forest
goliant_forest,uvollis
goliant_forest,west_northlands
golpaye,kashtabal
golpaye,lafat
golpaye,mosar
gonahk,khash
gonahk,pospi
gonahk,umuzgul
gonahk,vask
gonkou,jingxia
gonkou,meixou
gonkou,mianzhou
gonkou,tiean
gonkou,yuxhou
gonrim,scunt
gonrim,whelps_hill
gonwin,lound
gonwin,north_belk
gonwin,south_doron
goodbururum,hagsus
goodbururum,kurralerra
goodbururum,paara
goodbururum,taleqas
goodbururum,tankad
goondijni,jinnakun
goondijni,tarabundego
goondijni,tarawanthin
goondijni,towmi
goondjeta,rabinmal
goondjeta,sarkhan
goondjeta,zhempang
gopaldum,iron_mountains
gopaldum,ulti
gopaldum,urat_farida
gorgnot,riverrest
gorgnot,westwoods
gorknawal,hetwal
gorknawal,lokha
gorknawal,parding
gors_rise,mga
gors_rise,south_dbaa
gorsk,kekbat
gorsk,kenchy
gorsk,levrit
gorsk,umludened
goth_rul,kol_ti
goth_rul,litisst
goth_rul,palestone
goth_rul,reckless
goth_rul,scalemarsh
goth_rul,west_northlands
gothesdan,hross
gothesdan,south_hovn
gothesdan,yothelheim
gothram,krochil
gothram,massex
gotnesaig,mount_crow
gotnesaig,mount_owain
gotnesaig,slonon
gottholm,othenheim
gottholm,tethan
gottholm,trejaslo
gottholm,valrunin
govdan,khoetl
govdan,mandkhorin
govdan,suttor
govdan,ulbaan
govisum,khentol
govisum,ulimod
gowon,itokai
gozma,inner_deii
gozma,lejtal
gozma,silvermarsh
gozma,vek_farj
grace,jedite
grace,shkodha
grace,tarankt
grace,west_tirol
grafingen,karlsund
grafingen,neulin
grafingen,orassland
grafingen,stockshire
grasshill,halfa
grasshill,stosak
gratuk,jar_nav_blz
gratuk,malspa
gratuk,topis
grayle,lakeview
grayle,northil
grayle,westhil
great_oak,imotske
great_oak,pakvrk
great_oak,slank
great_oak,stonehall
great_throne_hall,menien
great_throne_hall,nur_falswe
great_throne_hall,outer_silv
great_throne_hall,starain
greenscale,tohvit
gresmond,ilkshire
gresmond,northmouth
grevitz,hemlach
grevitz,north_wild_lake
grevitz,sassuwe
grevitz,weix
grevitz,weyik
greyland,northel
greyland,rasland
greyland,sojot
greyland,talmyr
greyland,tojun
greyland,torvas
greyport,knights_mouth
greyport,nervonshire
greyport,thaler
greyrun,morn
greyrun,riohme
greyrun,tagocs
greyrun,tanvik
greyrun,votun
greysand,piroll
greysand,west_oaks
greyspring,odensbur
greyspring,upper_vintage
greyspring,wayne_coast
greyspring,wine_hills
greythen,kintown
greythen,north_greyswood
greythen,ywes
grief,khard
grief,shelfe
grief,staugh
grief,valant
grimhold,purge
grimhold,vice
grimshore,jeomarn
grimshore,jomi
grimshore,mazesti
grimshore,rusta
grinningen,holtland
grinningen,wallamh
gruhsey,wharftown
guango,heshuyang
guango,nisho
guango,wuchow
guangzho,kaitong
guangzho,leijang
guangzho,liuping
guangzho,qincho
gubdep,khoru
gubjak,khanda
gubjak,khtar
gubjak,mosgha
gubjak,panserh
gubjak,sheven
guirt,lifel
guirt,martain
guirt,mella
guirt,slimkar
guixi,hecho
guixi,lanxa
guixi,macashan
guixi,maoxong
gujru,pardanzar
gujru,shol
gujru,taqashat
guldaeli,irdun
guldaeli,karaeli
guldaeli,katonwe
guldaeli,seagili
guldashi,tbandsi
gulore,karwasman
gulore,koni
gulore,majar
gulore,nadis
gulore,spice_hills
gulraz,ketag
gunam,tonsul
gunkulam,mojen
gunkulam,okojen
gwageh,iwenwi
gwo,lauk
gwo,mawaldaw
gwo,myittalaw
gwo,myogaing
gwo,pankya
gyrrmun,kane
gyrrmun,shellwater_bridge
gyrrmun,udanhet
gyum_bera,tenyll
gyum_bera,varavan
gyum_pash,masjavan
gyum_taha,metalaver
gyum_taha,scorn
gyum_taha,varavan
gyum_taha,vrasin
gyum_yegh,kapara
gyum_yegh,lower_lovash
ha_giang,hung_bao
ha_giang,kampung_at
ha_giang,odanouk
ha_giang,phin_linh
haan,kokpi
haan,many_rivers
haan,moton
haapang,jonphaang
haapang,kanowo
haapang,olkyee
haapang,punphu
haapang,rabinmal
haapang,tronpang
haapang,zhempang
haaqland,ilut_plains
haaqland,pamiiu
haaqland,qosskot
hachinaki,sanuji
hachinaki,shabai
hachinaki,shibuko
hacik,north_liivwhan_mountains
hacik,old_taraal
hacik,samli
hacik,soyol
hadan,jobai
hadan,joyochi
hadan,mizujo
hadan,onimo
hadan,yokumiha
hadash,kaapo
hadash,kokaqua
hadash,raimya
hadash,shikarpud
hadash,tupin
haddock,headen
haddock,kampen
haddock,keel
hadran,halaqim
hadran,samarwa
hadran,shamis
hagana_coast,henwa
hagana_coast,shoonwhe
hagana_coast,shotate
hagana_coast,suld_border
hagsus,parahan
hagsus,taleqas
hagsus,tankad
hahsan,horse_mounds
hahsan,kerhal
hahsan,mehen
hahsan,soyunduz
haidun_cliffs,sukhdaan
haisah,hism_alsharq
haisah,jazar
haisah,samraiyh
haizhol,huanhu
haizhol,lioquing
haizhol,nagxian
haizhol,panchuan
haizhol,shuzhu
haizi,lukou
haizi,sanyu
haizi,xuxhou
hajjin,hareem
hajjin,umqan
hajjkal,marwh
hajjkal,shabaq
hajtel,inner_deii
hajtel,lakash
hajtel,othryss
hajtel,shiverscale
hajtel,shotar
hakland,north_belaff
hakland,north_hovn
hakland,sark
hakland,south_belaff
hakland,south_hovn
haland,lobach
haland,traders_watch
haland,tutz
haland,woods_end
halaqim,qaim
halaqim,samarwa
halarah,mudham
halarah,nuzhain
halfa,kofn
halfa,stones_fall
halfa,stosak
halfhill,jesejak
halfhill,keverel
halfhill,stone_fjords
halfhill,yedr
hallenheim,west_hallsey
hallrend,north_boern
hallrend,undar_rise
haltur,mauphat
haltur,simurkesh
hamawa,herziyya
hamawa,heshdarat
hamawa,moccis
hamawa,qar
hamawa,sadaib
hamkep,kewnupe
hamkep,minapakur
hamkep,paykamuy
hammerkeep,lamalie
hammerkeep,nothan
hammerkeep,peasants_rock
hammers_reach,nolgarra
hammers_reach,south_bruega
hammers_reach,volost
hampo,hwaseng
hanabad,hapra_lo
hanabad,jade_hill
hanabad,nojda
hanabad,sambhal
hangang,huchuan
hangang,taixhou
hangang,wuxhou
hanshan,jianchu
hanshan,muhe
hanshan,tong
hanshan,wuhar
hapra_lo,nojda
hapra_lo,sambhal
hapra_lo,satur_pra
harals,ormsdalr
harals,skarrun
harayo,higashi
harayo,joma
harayo,sanuji
harayo,tajigaki
harayo,tsudo
hareem,oasis
hareem,umqan
harhan,koyang
harhan,nichibeoka
harhan,wushan
harhan,yanzhen
harland,hersh
harland,skarrun
harland,tethan
harland,valrunin
harland,ytland
harpys_rest,hism_qatal
harpys_rest,jarbun
harpys_rest,tadqan
harral_mountains,meshkadarr
harral_mountains,shahr_rabas
harral_mountains,south_har
haryaf,malenkaru
haryaf,qaru
haryaf,tawa
haryaf,yemenkaru
hasene,kisona
hasene,kiwa
hasene,north_tene
hasene,south_tene
hasene,takak
hashma,nerporinne
hashma,sanrih
hashma,zatersi
hashmoll,nwa_eswo
hashmoll,slank
hashmoll,speartree
hasiin,heejar
hasiin,jamb
hasiin,sehlwa
hasiin,walwam
hatelur,ish
hatelur,larzi
hatmar,neera
hatmar,vice
hatmar,virile
haunton,hillhome
haunton,krochil
haunton,negetta
hava,ranacans
havetoka,motuptapu
hayaan,senile
hayaan,seriwan
hayaan,tobwiya
hayaan,wonggerek
hayfield,raoho
headen,kampen
headen,shelterpoint
hearthwood,jotri
hearthwood,sengarh
hearthwood,tarbots
hearthwood,valass
hebewasu,ilama_kanatu
hebewasu,north_kanata
hebewasu,shoonwhe
hebewasu,upper_sgaw
hebma,jixyun
hebma,shijichun
hebma,zuxian
hebsi,kupi
hebsi,marble_hills
hebsi,pi_aswa
hecho,hongua
hecho,leijang
hecho,liuping
hecho,macashan
hecho,maocho
hedda,irduz
hedda,markhaz
hedda,oktrud
hedda,rakaib
hedda,winbha
hedda,zaloor
hedda,zawrata
hedhun,jundam
hedhun,mhas
hedhun,osul
heejar,jamb
heejar,karalla
heejar,rakaib
heejar,walwam
heejar,zaloor
heihel,kyak
heihel,mudanxi
heihel,ninhar
heihel,qihot
heihel,qijiang
helin,shijiao
helin,towaka
helin,tsumawa
hellsand,metalaver
hellsand,ranrak
hellwood,natjeri
hellwood,wood_forge
hellwood,yper
helsing,solven
helsing,tiggak
helsing,uaqhivik
hemakept,liss
hemakept,nom
hemakept,sokso
hemlach,weix
hemlach,weyik
henwa,ilama_kanatu
henwa,mahasenwe
henwa,shoonwhe
henwa,shotate
herhar,khomand
herhar,pandur
hersh,skarrun
hersh,south_skjoll
hersh,tethan
hersh,west_pass
herston,herstonshores
herston,ixsley
herston,kalon
herstonshores,kalon
herstonshores,wheaton
herziyya,heshdarat
herziyya,moccis
herziyya,qelon
herziyya,qivat_shemuel
heshdarat,qelon
heshdarat,teles
heshuyang,khamphung
heshuyang,leining
heshuyang,thuri_wei
hespha,karaeli
hespha,katonwe
hespha,pesnam
hespha,pewo_sado
hespha,sipih
hestan,khansira
hestan,quduk
heterland,jofur
heterland,merstrond
hetwal,lokha
hewakichi,kelwakunenw
hewakichi,ochakik
hewakichi,upper_ochaniki
heyshire,linderton
heyshire,riverway
heyshire,treeshores
heyshire,willdey
hezhou,kimchaen
hezhou,xianlu
hezhou,zheng
hibashul,umush
higashi,odawa
higashi,sanuji
higashi,satsumake
higashi,tajigaki
high_lotshal,low_lotshal
highgull,seagull_tower
highkey,offling
highkey,rottsen
highkey,tannebend
highkey,tanneview
highkey,tarthen
highkey,tutz
highreach,malier
highreach,rrulze
highreach,upper_sola
highreach,vultin
highrune,ironvale
highrune,lonsar
highrune,lower_kalas
highstar,southshore
highstone,karsain
highstone,kyshvek_woods
highstone,sothn
highview,razca
highview,upper_moon
highview,vinewood
highview,yearlake
highwater,ilsguewe
highwater,magalii
highwater,oponyr
highwater,weyik
hillat,hism_sakh
hillat,latahr
hillat,quna
hillat,ramid
hillat,salya
hillhome,lowersif
hillhome,negetta
hillockburn,keith
hillockburn,loguntar
hillockburn,north_greyswood
hillockburn,south_greyswood
hills_of_ire,nightshore
hills_of_ire,openfield
hills_of_ire,thaler
hiqaon,isti_lahm
hiqaon,leylom
hiqaon,nherad
hiqaon,wadwa_lahm
hiqaon,yer
hism_alfalat,khartoul
hism_alfalat,shanwah
hism_alquh,jhubran
hism_alquh,qushrin
hism_alquh,shasr
hism_alquh,tilan
hism_daekal,rozaba
hism_daekal,talmhen
hism_jabal,mofuq
hism_jabal,yade
hism_mada,jamur
hism_mada,qaru
hism_mada,salawayda
hism_mada,tal_hoqq
hism_qatal,jarbun
hism_qatal,tadqan
hism_sahra,qaiki
hism_sahra,safwigh
hism_sakh,ramid
hisqon_lahm,leylom
hisqon_lahm,nherad
hisqon_lahm,sha_farif
hisqon_lahm,uhfa_lahm
hitogawa,joma
hitogawa,joyochi
hitogawa,kitama
hitogawa,nakuki
hitogawa,yanzhen
hittas,ko_shamu
hittas,shapan
hittas,tumlib
hjalvheim,kasten
hjalvheim,tormund
hjalvheim,ufalla
hjemvald,rekran
hlaul,lenthin
hlaul,thronde
hlod,imotske
hlod,kress
hlod,parsal
hlod,slag_hill
hlod,zlok
hlonaii,magalii
hlonaii,omnoland
hlonaii,omuwe
hlonaii,stonewater
hlonaii,tfaille
hlorma,riohme
hmosi,madalwy
hmosi,pawlangin
hmosi,thabinton
hmosi,thaydaung
hodla,rehk
hodla,uvada
hodla,uzkhakkul
hoeryn,jeonpu
hoeryn,kanggok
hoeryn,seojin
hofen,njarla
hofen,nykra
hofen,runland
hofen,sona
holkarg,ulv
holming,jutd
holming,kyshvek_woods
holming,sothn
holtland,honeywell
holtland,teltran_border
holtland,wallamh
homrat,jebou
homrat,latahr
homrat,safb
honeywell,labach
honeywell,teltran_border
honeywell,terl
hongla,jinhai
hongla,kimyang
hongla,nichibeoka
hongla,shiono
hongla,zidu
hongua,macashan
hongua,maocho
horns_reach,mahadha
horns_reach,puigaxa
horomon,mount_ath
horomon,rivers_shore
horomon,south_lov
horomon,traders_post
horse_mounds,kerhal
horse_mounds,soyunduz
horse_mounds,west_rolling_plains
host,northeim
host,uthrenland
hoxhou,kaixhou
hoxhou,nanxhou
hpani,kamteng
hpani,palawi
hpani,pya_u
hpani,thabegyi
hpani,thadon
hpasi,khamsaung
hpasi,madalwy
hpasi,myogaing
hpasi,natmgon
hpasi,thaydaung
hrafnborg,kasten
hrafnborg,odoal
hrafnborg,roskir
hrafnborg,tormund
hranad,kaliptu
hranad,kazu
hranad,wooden_heights
hranad,yabil
hrankovic,kornocany
hreimgild,milvrik
hronnland,lindby
hronnland,oddgarm
hross,mundren
hross,north_hovn
hross,south_hovn
htawa,inata_sado
huanhu,longli
huanhu,shuzhu
huanhu,weijian
huanhu,zouhu
huchuan,lanxa
huchuan,nisho
huchuan,qubo
huchuan,wuxhou
hudar,marwh
hudar,mofuq
hudar,salamy
huega,kavetwanchok
huega,puigaxa
hung_bao,phin_linh
hunlat,lutub
hunlat,mafara
hunlat,uchei
hunlat,wufrti
huntsville,kaval
huntsville,north_giantswood
huntsville,northtree
huntsville,south_giantswood
huntsville,upper_moon
hurakur,kekur
hurakur,otan
hurakur,ummo
husran,jebral
husran,kartour
husran,khartoul
husran,shanwah
huthis,kunoudet
huthis,ptkhatum
hydermam,karvadja
hydermam,majhin
hyesong,jeonchon
hyesong,jeonpu
hyesong,kaejul
hyesong,manjiyon
hyesong,seojin
hyles,limyer
hyles,roehen
hyles,sunwater
hyles,syrd
iatuqu,konsait
iatuqu,porri
ice_river,selluin
icerun,njarla
icerun,roslagn
icerun,west_kapland
icewind,lehper
icewind,narpi
icewind,star_pass
ichi,kobashi
ichi,nakaito
ichi,nishi
ichinojiwa,muhe
ichinojiwa,shabai
ichinojiwa,tsumawa
ichuer,lone
ichuer,usscaer
ifmand,laghor
ifmand,nangar
ifmand,takh
ifmand,tonka
igelten,lower_vintage
igelten,nyrthe
igelten,oftland
igelten,spressingen
igelten,upper_vintage
igelten,zierlatz
ihote_ambi,ihote_matsia
ihote_matsia,traders_post
ihote_matsia,west_hillwood
ihote_melakny,nagola
ihote_melakny,okymbe
ihote_melakny,osydrola
ihote_melakny,vananana
ihote_tolia,nanagifo
ihote_tolia,osydrola
ihote_tolia,selake
ihote_tolia,vananana
iime,issoh
ijaran,ogosland
ijaran,orvik
ijaran,tvar
ikhanango,ulung
ikhanango,zukwadusu
ikonma,katatis
ikonma,lamapea
ikonma,makedama
ikonma,tomia
ikonma,utohn
ikonun,ogosland
ikonun,skalhall
ikonun,ugujaai
iksoko,kisona
iksoko,nitsino
iksoko,taka_sado
iksoko,takak
ikythos,natha_poto
ikythos,pheino
ikythos,sakaris
ilama_kanatu,mahasenwe
ilama_kanatu,shoonwhe
ilama_kanatu,tehono
ilama_kanatu,upper_sgaw
ilama_sgaru,tehono
ilama_sgaru,wehon
ilame_dega,kopi
ilame_dega,magohes
ilamwas,rapha
ilkshire,northmouth
ilkshire,vul
illuin,issholas
illuin,teu_pot
ilramon,ilrena
ilramon,lusetia
ilramon,mar_algo
ilramon,mar_casta
ilramon,urriba
ilramon,ventrila
ilrena,lusetia
ilrena,lys_taur
ilrena,mar_casta
ilsguewe,magalii
ilsguewe,vaaenen
ilsguewe,weyik
ilshaf,marrchid
ilshaf,setmar
iltierre,mercant_square
iltierre,tradewatch
iltierre,vitejo
ilut_plains,loopar_shelf
ilut_plains,qosskot
ilut_plains,snowport
ilut_plains,usskot
imotske,pakvrk
imotske,slag_hill
imotske,slank
impar_civit,impar_pomo
impar_civit,tabata
impar_lecco,luro
impar_lecco,ravio
impar_lecco,westmarsh
impar_pomo,opoll
impar_pomo,reira
impar_pomo,volaria
imper_cede,imper_penar
imper_cede,massino
imper_cede,thelan_marsh
imper_fin,muria
imper_fin,neletus
imper_fin,tabata
imper_penar,massino
imper_penar,tabata
in_castel,ostershire
in_castel,toderegg
inall,jeeth
inall,yovann
inall,zerill
inany,nelvara
inany,vatoma
inata_sado,sinakliit
inata_sado,tsia_sado
indijwe,kelwakunenw
indijwe,pane
indijwe,stahyin
indijwe,west_chewa
inezsset,martain
inezsset,mella
inezsset,sahkara
inezsset,taosi
inezsset,zembal
ingdaut,kambwey
ingdaut,khamsaung
ingdaut,thaydaung
ingdaut,yekbaun
ingsbruck,merchant_hills
inner_adan,jaelis
inner_adan,lonsar
inner_adan,tienduvin
inner_adan,utfal
inner_deii,lejtal
inner_deii,othryss
inner_deii,shiverscale
inner_deii,silvermarsh
inner_gazak,kol_ti
inner_gazak,north_blackmyre
inner_gazak,palestone
inner_gazak,scalemarsh
inner_indyl,ras_dinryl
inner_indyl,ras_vesen
inner_indyl,tell_indrylan
inner_indyl,westrim
inner_indyl,wyvern_harbour
inner_jags,kaross
inner_jags,mourning_lands
inner_jags,shant
inogedeh,mahasenwe
inogedeh,niedeh
inogedeh,tehono
inogedeh,wega
intermitte,meaucy
intermitte,naarth
intermitte,outelles
intermitte,overpool
intxau,meax
intxau,penekran
intxau,rattica
inumayo,karobu
inumayo,naiju
inumayo,yatome
iodh,sleiporg
ipikhasaa,pinnituq
ipikhasaa,svaldran
iqin,tsooba
irade,maszr
irade,skeins
irade,stoneden
iravi,vari
irbais,sardaq
irburn,kerrington
irburn,linderton
irburn,north_giantswood
irburn,opirs_tears
irburn,south_giantswood
irdun,izat
irdun,seagili
irdun,somare
irdun,talya
irduz,laminis
irduz,oktrud
irduz,tamol
irduz,tirsham
irduz,winbha
iron_wastes,odren
iron_wastes,skaross
ironhill,legri
ironhill,logino
ironhill,panus
ironhill,saldosa
ironhill,tanetin
ironhoof,yoren
ironstone,kasten
ironstone,osfell
ironstone,sturing
ironstone,ufalla
iruskpankur,minapakur
iruskpankur,noyaunkur
iruskpankur,rukpakur
iruskpankur,uk
iruskpankur,wakkakur
isata,jeqash
isata,kekbat
isata,kenchy
isata,uzgul
isata,white_rock
isbray,lower_ashkaz
isbray,mbunakh
isbray,narak
isbray,sumqar
isbray,terdmal
isel,openfield
isel,terringen
ish,kashupu
ish,larzi
isidhuan,mount_owain
isidu,karuk
isidu,lashak
isidu,salt_cliffs
isildei,liviean
isildei,merenaii
isildei,north_summerlands
isildei,rivnyyr
isildei,south_merena
iskafjord,skerten
iskafjord,ysa
isopor,osil
ispoli,jarhun
ispoli,kelegg
ispoli,sayhel
ispoli,tarpor
ispoli,yerna
issholas,jephar
issoh,ukriin
isti_lahm,jukhem
isti_lahm,lan_lahm
isti_lahm,seylom
isti_lahm,wadwa_lahm
itokai,izubae
iunmenu,neyb
iunmenu,tepikhent
iunmenu,theban
ivis,jearing
ivis,kaapers
ivis,kronn
ivis,offling
ivis,uberach
ivithne,lower_southpine
ivithne,relanii
ivithne,skystep
ivoanala,losanabo
ivoanala,manala
ivoanala,toliarasy
iwanw,kupi
iwenwi,ogeno
ixsley,kalon
ixsley,north_oten
ixsley,sandrill
izat,mugayd
izat,somare
izat,soyol
izat,taraal
izubae,mizujo
izubae,naiju
izubae,onimo
jacaltuncalco,jutipo
jacaltuncalco,natha_elii
jacaltuncalco,palin
jacaltuncalco,tepeque
jacaltuncalco,zacage
jacek,malgi
jacek,sulcek
jacek,treehollow
jacek,umluk
jade_hill,jambad
jade_hill,maneheart
jade_hill,ohojal
jade_hill,pathar
jade_hill,sambhal
jaelis,tienduvin
jaelis,utfal
jahanbhals,myre
jahanbhals,nabai
jahanbhals,panidar
jahanpu,jokhtar
jahanpu,purpur
jahanpu,yamonkal
jahmbh,kaphna
jahmbh,myre
jajarkum,surja
jajarkum,syanhun
jajarkum,vhaka
jalash,kenawal
jalash,khasaq
jalash,kotoput
jalash,rozni
jalash,tajput
jalash,valass
jalpur,jangal
jalpur,raighar
jalqui,jamo
jalqui,panajach
jalqui,veletoya
jalqui,zetera
jamb,kanabis
jamb,zaloor
jambad,pathar
jambad,sambhal
jambad,shalgawad
jamo,patzul
jamur,salawayda
jamur,sayykaf
jamur,tal_sen
jangal,kotta
jangal,raighar
jangal,sune
jangal,thirunpal
jangal,thrissan
janna,uka_povra
jara,karahtel
jara,quduk
jara,wamih
jaraqib,jizmah
jaraqib,marhas
jaraqib,tawa
jarbun,qudsay
jarhun,kelegg
jarhun,lotarah
jarhun,palash
jarhun,sadrat
jarhun,tarpor
jarif,khansira
jarif,nalman
jarif,qasyr
jarnstein,karsain
jarnstein,old_forge
jascay,temino
jascay,waitiri
jasperwood,lower_bracken
jasperwood,mahanogo
jasperwood,thulil
jasperwood,vatvaka
jazar,madhay
jazar,samraiyh
jearing,kaapers
jearing,offling
jearing,rehten
jearing,vernen
jebou,latahr
jebou,salya
jebral,kartour
jebral,sanrih
jeddar,kusma
jeddar,lounver
jeddar,soumm
jeddar,tasfrit
jeddoh,jidarr
jeddoh,sayykaf
jeddoh,suwath
jedei_purash,jeii
jedei_purash,thime
jedei_purash,tohvit
jedite,korzhd
jedite,rravn
jedite,tarankt
jeeth,pamia
jeeth,sandule
jeeth,starlight
jeeth,westwoods
jeeth,yovann
jeeth,zerill
jefhar,rama
jefhar,yemenkaru
jegathrn,stones_fall
jegathrn,stosak
jeii,thime
jeii,yjg
jellore,west_kurjen
jena,pathar
jeomarn,rusta
jeomarn,umuzgul
jeonchon,jeonpu
jeonchon,kimyang
jeonchon,manjiyon
jeonchon,onyanpo
jeonchon,pyonje
jeonpu,seojin
jephar,teu_pot
jeqash,uzgul
jeqash,white_rock
jeritomo,juar
jeritomo,juiro
jes_tax,kraun
jes_tax,shox_kabak
jes_tax,telnuss
jes_tax,titans_fist
jes_tax,ukrath
jes_tax,xaba
jesejak,keverel
jesejak,yedr
jettal,jiharr
jettal,koni
jettal,panchu
jettal,raihi
jettal,urad_karpat
jettal,usgeli
jhanput,joliput
jhanput,sialput
jhat,seqal
jheiss,velming
jhetran,khur
jhetran,majran
jhetran,saidamah
jhorlan,ogosland
jhorlan,reykjaby
jhorlan,skalhall
jhorlan,svaldran
jhubran,qushrin
jhubran,tilan
jianchu,taishou
jianchu,tong
jianchu,wuhar
jianchu,xixhou
jianchu,yaka
jianli,luomen
jianli,nansu
jianli,panchuan
jianli,qinlo
jianli,taixhou
jidarr,marwh
jidarr,salamy
jidarr,suwath
jiharr,keylight
jiharr,koni
jiharr,nadis
jiharr,panchu
jiharr,urad_roh
jingxia,meixou
jingxia,shixhoung
jingxia,tiean
jingxia,xianxhoung
jinhai,nichibeoka
jinhai,wenzhai
jinhai,wushan
jinhshai,lansun
jinhshai,sixhou
jinhshai,veil
jinhshai,weizhua
jinhshai,xibei
jinhshai,xiongli
jinnakun,quiwin
jinnakun,tarawanthin
jixyun,longhu
jixyun,shijichun
jixyun,tongquan
jizmah,rafh
jizmah,thuwal
jizmah,umqan
jobai,nakamarai
jobai,odasaka
jobai,onimo
jobai,yokumiha
jofi_mountains,wooden_heights
jofor,zavrin
jofur,torben
joghlan,lashzar
joghlan,lokh
joghlan,pardahn
joghlan,sandhills
jokhtar,purpur
jokhtar,vittor
joliput,sialput
joma,joyochi
joma,nakuki
joma,tajigaki
joma,tsudo
joma,yokumiha
jomi,karegeti
jomi,kutsasikhe
jomi,mazesti
jonphaang,punjakh
jonphaang,punphu
jonphaang,zhempang
jopu,kipu
jopu,kuaruk
jopu,urul
jorekkr,neifland
jorekkr,runland
jorekkr,sjaldan
jorkansaed,lokan
jorkansaed,mount_ath
jorkansaed,rivers_shore
jothan,south_yothiin
jothan,staaldan
jothan,upper_alda
jotri,kanotabad
jotri,sengarh
joyochi,yokumiha
juar,juiro
juar,tartaray
juar,vinyano
juiro,kaijara
jukhem,lan_lahm
jukhem,qhirash
jukhem,sehlwa
juman,qrak
juman,qurbuk
jumzi,ukrath
jumzi,west_skeletal_shore
jundam,osul
jundam,telabucco
jutd,merock
jutipo,natha_vagu
jutipo,palin
jutipo,solocapa
jutipo,tepeque
juvun,lavitinum
juvun,ostralestia
juvun,persinium
juvun,scundili
juvun,valaris
kaapers,kronn
kaapers,vern
kaapo,kaipina
kaapo,minfiz
kaapo,tupin
kaarn,ulv
kaaveling,northrise
kaaveling,schipje
kaaveling,shieldstone
kadifar,milis
kadifar,osmarli
kadifar,somare
kaejul,manjiyon
kaejul,pyeonang
kaejul,seojin
kaejul,ujleonpo
kaen,kelas_ath
kaen,raclatha
kaen,scarbark
kaen,south_lestan_forest
kaen,uvollis
kaen,venmir
kaen,yaria
kaenlau,khansur
kaenlau,matung
kaenlau,sawathayya
kaenlau,yalburi
kagang,lobod
kagang,maul
kagang,omagdul
kagang,oqorako
kagang,walugd
kaganishwa,nemesemeh
kaganishwa,wanipi
kaijara,yper
kaipina,tupin
kaireuth,luerland
kaireuth,uthelingen
kaishan,telnuss
kaishan,wenchong
kaishan,yushuang
kaisil_coast,lissht
kaisil_coast,north_reywith
kaisil_coast,relacassht
kaisil_coast,south_reywith
kaitong,liuning
kaitong,qincho
kaixhou,kamteng
kaixhou,nanxhou
kajental,kotta
kajental,lejtawal
kalapis,katatis
kalapis,sephat
kalapis,tria
kaliptu,kazu
kaliptu,tridelon
kaliptu,yabil
kaliss,north_liss
kaliss,west_liss
kallos,naupathos
kallos,north_mylades
kallos,nuceria
kallos,panus
kalon,shazot
kalon,south_tevan
kalon,wheaton
kalran,redsteel
kalran,stoenmil
kalren,kintown
kalum,nerborsippa
kambwey,putasi
kambwey,thabinton
kambwey,thaydaung
kambwey,yekbaun
kamedana,kimsul
kamedana,mizujo
kamedana,shiono
kamez,males
kamez,theonas
kamez,voran
kamino,nakamarai
kamino,oamishi
kamino,odasaka
kamino,satsumake
kampung_at,lingahear
kampung_at,odanouk
kampung_bang,kampung_veng
kampung_bang,koh_pail
kampung_bang,phno_rep
kampung_bang,sawathayya
kampung_poi,kho_khim
kampung_poi,koh_pail
kampung_poi,phno_rep
kampung_poi,svayhad
kampung_pre,muanpura
kampung_pre,nuju
kampung_pre,sutzu
kampung_pre,thomang
kampung_pre,yasung
kampung_veng,odanouk
kampung_veng,phin_cao
kampung_veng,phin_linh
kampung_yas,krat
kampung_yas,meansam
kampung_yas,sihanchey
kampur_pur,meansam
kampur_pur,muanpura
kampur_pur,sihanste
kampur_pur,thomang
kamteng,qihot
kamteng,thadon
kanabis,markhaz
kanabis,scar
kanabis,yer
kanabis,zaloor
kanchan,lhumpho
kanchan,phiphu
kanchan,ratchun
kanchan,thuri_gong
kane,kesta
kane,north_blackmyre
kane,scalemarsh
kane,shellwater_bridge
kane,south_blackmyre
kane,udanhet
kanenpao,maeson
kanenpao,nong_suk
kanenpao,thuri_sanga
kanenpao,thuri_wei
kanggok,seojin
kanotabad,raput
kanotabad,sengarh
kanowo,karagerd
kanowo,olkyee
kanowo,paara
kanowo,tronpang
kantang,langkok
kantang,thong
kapara,shur_mal
kaphna,qohojass
karaeli,katonwe
karaeli,north_antara
karaeli,seagili
karaeli,sipih
karaeli,south_antara
karagerd,meshkadarr
karagerd,paara
karagerd,shahr_rabas
karagerd,taleqas
karagerd,tehron
karagerd,tronpang
karahtel,shanwah
karalla,north_aqai
karalla,rakaib
karalla,walwam
karami,khaleesh_predan
karami,kukaatar
karami,ulisai
karami,urutay
karamin,navka
karamin,uzgul
karatra,sofivakina
karatra,south_lestan_forest
karatra,torwood
karatra,upper_fian
karatra,vatov
karecht,mount_ath
karegeti,kutsasikhe
karegeti,lower_ozamt
karegeti,mazesti
karegeti,tnori
karegeti,tshkari
kargvit,undar_rise
karkow,morarch
karkow,myles
karkow,whitefield
karland,offling
karland,rehten
karland,slendos
karland,tanne_mouth
karland,tannebend
karlsund,kern
karlsund,neulin
karlsund,oberplatz
karobu,nihamo
karolwyn,okran_steps
karolwyn,uka_rathiv
karolwyn,warshvat
kaross,shant
karsain,kyshvek_woods
karsan,south_kingsway
karsan,sumersyle
kartour,khartoul
kartour,sanrih
karuk,salt_cliffs
karvadja,majhin
karvadja,naintel
karvadja,nizwad
karvadja,qohojen
karwan,quna
karwan,ramid
karwasman,majar
karwasman,spice_hills
karwasman,sune
karwasman,thirunpal
kary,sabgaea
kary,satagwah
kashdremul,kond
kashdremul,tertepa
kashraz,lorhon
kashraz,parsal
kasht,ledejok
kasht,odmgo
kasht,zvomenne
kashtabal,koshksada
kashupu,larzi
kastach,lattsingen
kastach,lond
kastach,noekkern
kasten,odoal
kasten,tormund
kasten,ufalla
katatis,lamapea
katatis,makedama
katatis,sephat
kato_and_rang,wells
kato_and_rang,westward_shore
katonwe,pesnam
katonwe,west_peswatow
katsukuchuo,nihamo
katsukuchuo,oamishi
katsukuchuo,odasaka
katsukuchuo,tatoyo
kattrassa,madrai
kattrassa,qohojen
kattrassa,shalgawad
kaupton,lenton
kaupton,onrell
kaupton,plains_of_iss
kaupton,tyosse
kaupton,urallen
kaval,lienne
kaval,northtree
kaval,ormion
kaverstead,old_shaaz
kaverstead,parvahk
kaverstead,pickets
kaverstead,under_pickets
kaverstead,wheldeross
kaverstead,yorkey
kavetwanchok,volarada
kavice,shapan
kawtamu,kyato_u
kawtamu,monmala
kayekur,moyuk
kayekur,nukarakur
kayekur,otan
kayekur,penionkur
kayekur,roskara
kazarat,koloda
kazarat,milak
kazarat,muryat
kazarat,skave
kazarat,tagdag
kazu,ralon
kazu,tridelon
keel,shanty_port
keesticum,lavitinum
keesticum,lusetia
keesticum,mar_bedo
keesticum,salt_hills
keith,ninthstead
keith,nordland
keith,south_greyswood
kekbat,kenchy
kekur,moyuk
kekur,otan
kelas_alkanor,kelas_tell_vinir
kelas_alkanor,magelight
kelas_alkanor,shanrya_plains
kelas_alkanor,vision
kelas_ath,reverent
kelas_ath,upper_nulvar
kelas_ath,uvollis
kelas_ath,venmir
kelas_nu,north_embers
kelas_nu,tell_nulvanan
kelas_nu,upper_nulvar
kelas_rea,ludras
kelas_rea,magelight
kelas_rea,south_dawnwood
kelas_scar,kelpmarsh
kelas_scar,miras_uvola
kelas_scar,sinderion
kelas_scar,tell_nulvanan
kelas_scar,west_northlands
kelas_tell_vinir,lower_telas
kelas_tell_vinir,shank
kelas_tell_vinir,shanrya_plains
kelegg,mukul_tum
kelegg,pajbus
kelegg,sayhel
kelegg,srjajan
kelhus,merchant_hills
kelhus,orassland
kelhus,silver_hills
kelhus,stockshire
kelhus,terringen
kelpmarsh,miras_uvola
kelpmarsh,west_northlands
kelshire,marby
kelshire,nirrweigh
kelshire,wheyfield
kelshire,yorkey
keltone,musto
keltone,pouli
keltone,sabgaea
keltone,we_upao
keltone,westea
keltran,north_kingsway
keltran,south_kingsway
kelwakunenw,pane
kelwakunenw,shanti
kelwakunenw,upper_ochaniki
kenawal,khasaq
kenawal,shikar
kenawest,ochakik
kenawest,ochane
kenawest,pell
kenawest,shoulder
kenchy,levrit
kenchy,sulus
kenchy,white_rock
kensu,kunlao
kensu,salingwe
kensu,shandalai
kenthral,lesser
kenthral,malbourn
kenthral,molt
kenthral,rimar
kenthral,stalmire
kenthral,telgar
kenthral,upper_telas
kepananga,south_dageh
kepananga,west_peswatow
kepananga,woken_earth
kepwud,kofn
kepwud,uvondrait
kerhal,mehen
kern,mundau
kern,oberplatz
kerrington,north_kingsway
kerrington,opirs_tears
kesban,nakar
kesban,saadha
kessing,murtte
kessing,ravere
kessing,silverfield_
kessing,snyder
kessing,south_plains
kessing,upper_leia
kesta,liss
kesta,south_blackmyre
kesta,udanhet
ketag,terdmal
ketag,yutepa
kettle_forest,milvrik
kettle_forest,morrows
kettle_forest,shores
kev,nalecusnyr
kev,przygodla
kev,tvaryn
keveg,kiccan
keveg,skein
keverel,stone_fjords
kewnupe,minapakur
kewnupe,uk
kewnupe,yakur
keylight,nadis
keylight,srinjam
keylight,urad_roh
keylight,vadam
keywick,murhold
keywick,southstead
keywick,treemont
keywick,urndell
khal,laghor
khal,lashzar
khal,nangar
khal,shad
khal,terat
khaleesh_predan,kukaatar
khaleesh_predan,ordoi
khaleesh_predan,prelash
khaleesh_predan,ulisai
khali,lojass
khamphung,leining
khamphung,padai
khamphung,thuri_sanga
khamphung,thuri_wei
khamra,madra
khamra,yade
khamsaung,natmgon
khamsaung,thaydaung
khanda,sheven
khanda,sumqar
khanda,terdmal
khansira,quduk
khansur,matung
khansur,narkha
khansur,rayburi
khard,nocturne
khard,shelfe
kharkul,parilga
kharkul,usul
kharkul,vorkhang
khartoul,shanwah
khasaq,kilheput
khasaq,kotoput
khasaq,safaput
khasaq,shikar
khash,pospi
khash,umludened
khat,lotarah
khat,sindhsul
khat,terbrahm
khat,terhun
khentol,suttor
khimt,medpotjer
khimt,menheka
khimt,tarkhahenet
khimt,zerat
khmut,marble_hills
khnut,ta_waset
khnut,tepikhent
kho_khim,muang_rung
kho_khim,svayhad
kho_khim,svaysat
kho_khim,viheri
khobad,lagoali
khobad,vari
khoetl,mandkhorin
khoetl,nor_urt
khoetl,ulbaan
khoetl,uve
khofir,meqqon
khofir,nadena
khom,nanton
khom,sukhbaat
khomand,north_zilah
khoru,seyten
khoru,skave
khorveej,saltmarsh
khorveej,southern_jotass
khorveej,sylt
khorveej,ul_sudd
khtar,muryat
khtar,panserh
khtar,sazket
khukot,mirshera
khukot,mukhalt
khukot,shikarpud
khur,qushrin
khur,saidamah
khur,talbiwa
khuwswait,sha_wakr
khuwswait,shakryn
khuwswait,tusynmir
kianshej,samsakal
kianshej,sarabal
kianshej,taqashat
kif,lherrem_lham
kif,sumvom
kif,vhido_lahm
kif,yazu_desert
kifra,nashagraz
kiirogh,obiyon
kiirogh,seyten
kiito_shelf,loopar_shelf
kiito_shelf,porri
kiito_shelf,sealshore
kiito_shelf,uka
kilad,mobakes
kilad,sadakiz
kilad,taqgan
kilheput,safaput
kilheput,senaput
kilheput,shikar
kilhorn,west_hallsey
kimchaen,sarisong
kimchaen,tonsul
kimchaen,xianlu
kimsul,onyanpo
kimsul,shiono
kimyang,onyanpo
kimyang,pyonje
kimyang,zidu
kingcley,nanton
kingcley,tain_on_the_wes
kington,stockshire
kington,upper_aating
kintown,northil
kintown,westhil
kipu,kuaruk
kipu,urul
kiridai,kobashi
kiridai,lukano
kiridai,miyono
kiridai,oamishi
kiridai,tatoyo
kirkatay,mugayd
kirkatay,old_taraal
kirkatay,safrak
kirkatay,samli
kirlai,noiaransi
kirlai,raebare
kirlai,raiganj
kirlai,seramam
kirlai,teljarpas
kisona,taka_sado
kisona,takak
kisona,woken_earth
kitama,nakuki
kitama,shibuko
kitama,shijiao
kitama,towaka
kitama,yanzhen
kitogu,mong
kitogu,nwa_sanke
kitogu,prsn
kiwa,south_tene
kiwa,takak
kiwa,wolfs_tail
klar,renna
klar,sleiporg
klar,tjil_eirse
klar,tjil_vantan
knights_landing,nothan
knights_landing,wearshire
knights_mouth,nervonshire
ko_shamu,mashkan
ko_shamu,shapan
kobashi,lukano
kobashi,nishi
kobashi,tatoyo
kochapur,obhanva
kochapur,ohojal
kochapur,qohojal
kocroz,reaver
kocroz,scar
kofn,saffenwighe
kofn,uvondrait
kofn,yedr
koh_pail,phno_rep
koh_pail,sawathayya
koh_pail,svayhad
kohsh,krescro
kohsh,omo_ega
kohsh,zrid
kokaqua,tupin
kokpi,shoulder
kol_rani,kol_veej
kol_rani,lizard_falls
kol_rani,north_blackmyre
kol_rani,sokso
kol_rani,south_blackmyre
kol_ti,palestone
kol_ti,reckless
kol_veej,lizard_falls
kol_veej,nelvara
kol_veej,sokso
kollnavi,konsait
kollnavi,maaq
kollnavi,saiilorqon
kolochnach,lenns
kolochnach,longshore
kolochnach,old_vielle
kolochnach,vielle
kolochnach,yeotown
koloda,muryat
koloda,sazket
koloda,skave
kolraim,nivi
kolraim,pasarpor
kolraim,vahshak
kom,morrow
kom,odren
kom,titans_fist
kond,lichiq
kond,magkchezd
kond,tertepa
koni,nadis
koni,qohojass
koni,spice_hills
koni,urad_karpat
konsait,porri
konsait,saiilorqon
koomer,kurralerra
koomer,zr
koonatin,perderimgu
koonatin,seridar
koonatin,wanagoon
kopper_hills,rocks_above
kopper_hills,ywellke
kornocany,mappun
kornocany,treehollow
korrewaling,parilga
korrewaling,wuegalanga
korul,west_eskawo
korul,yjg
korya,lheyse
korzhd,nightshade_rise
korzhd,rravn
korzhd,tarankt
kosh,navka
kosh,seraz
kosh,shal_ragraz
kosh,teddek
koshksada,sar_kun
koshksada,shol
kotoput,safaput
kotoput,sasuput
kotoput,tajput
kotta,lejtawal
kotta,lochi
kotta,paru
kotta,thrissan
koyang,shijiao
koyang,taigon
koyang,yanzhen
koytehs,mahal
koyten,kundhrum
koyten,serahal
krat,pretchetabri
krat,sihanchey
kraun,sutzu
kraun,ukrath
kraun,vihonorom
kravane,morning_hills
kravane,prene
kraz,vauckland
krescro,zrid
kress,malred
kress,parsal
kridan,west_end
kriup,terbrahm
krochil,negetta
kronn,south_zahlitz
kronn,vern
kryn,velath
kryn,western_deadlands
kualabe,mukul_gon
kualabe,neera
kualabe,seridar
kualabe,sungalbun
kualabe,ulojong
kualabe,wyeeroong
kufni,paru
kufni,raebare
kufni,teljarpas
kukaatar,lhaan
kundhrum,nahal
kuning,kynshelm
kuning,morn
kuning,norun_plain
kuning,south_heron
kuning,sundborg
kuning,votun
kunlao,mywadan
kunlao,palawi
kunlao,salingwe
kunlao,shandalai
kunlao,thabegyi
kunoudet,pi_aswa
kunoudet,ptkhatum
kunoudet,tarkhahenet
kurralerra,tankad
kurralerra,zr
kurthic_shore,lower_greystone
kurthic_shore,suld_border
kusma,lounver
kusma,sahran
kusma,tasfrit
kusma,zemstrasha
kutsasikhe,tnori
kvani,qadmo
kvani,tbandsi
kvani,tskhihumi
kvani,udivili
kwama,ndaku
kwama,thakawini
kyak,mraayan
kyak,mudanxi
kyak,oktgon
kyak,qihot
kyak,thadon
kyato_u,monmala
kyato_u,mraayan
kyato_u,nattshibin
kyato_u,paukguyn
kyentong,kypaudu
kyentong,nganeye
kyentong,singpauk
kyentong,thabo
kynshelm,morn
kynshelm,sundborg
kynshelm,tanvik
kypaudu,salingwe
kypaudu,thabo
kyshvek_woods,sothn
kyzd,nashde
kyzd,occhol
kyzd,uvlord
labach,lenton
labach,onrell
labach,terl
labeck,less
labeck,oltendoch
lafat,mosar
lafat,nasirshrar
lafat,taqgan
lafiess,merenil
lafiess,oron
lafiess,woods_end
lagadu,urul
lagh_akrunac,lagh_doubhanill
lagh_akrunac,lagh_tuo
lagh_balan,lagh_omhaill
laghor,lashzar
laghor,nangar
laghor,sandhills
lagoali,tkvagri
lajoro,shord
lajoro,venegetera
lajoro,we_amipa
lajoro,we_kiwo
lajoro,we_upao
lak_tri,phin_chi
lak_tri,phin_ton
lak_tri,xi_nang
lak_tri,xuye_minh
lak_tri,yen_bin
lakash,othryss
lakerest,murlocke
lakerest,riverrest
lakerest,tyosse
lakerest,uthan
lakeview,northil
lakkoc,przygodla
lakkoc,rivermark
lakkoc,tranvryw
lakkoc,tvaryn
lamadura,lonia
lamadura,nurcian_forest
lamadura,west_verdanya
lamalie,nothan
lamalie,peasants_rock
lamapea,pheino
lamapea,sakaris
lamapea,sephat
lamapea,utohn
laminis,marlubi
laminis,nuqedes
laminis,tirsham
laminis,winbha
lampytoro,manala
lampytoro,mitfefmia
lampytoro,selake
lan_lahm,qhirash
lan_lahm,seylom
lan_lahm,thah
langkok,thailam
langkok,thong
langso,treng_na
langso,yen_bi
lanrak,scunt
lanrak,thoron
lanrak,west_thalhin
lansun,odil
lansun,veil
lansun,whiterose
lansun,xibei
lanxa,maoxong
lanxa,sishing
lanxa,wuchow
laochan,lukou
laochan,wenzhai
laochan,xuxhou
laochan,zhushui
laran_hills,livia
laran_hills,lower_vintage
laran_hills,lutera
laran_hills,noretium
laran_hills,redshore
laruto,oqondis
lashzar,pardahn
lashzar,sandhills
latahr,quna
latahr,salya
lathur,malkast
lathur,merstrond
lathur,nufhjav
lathur,uldr_skjoll
lattsingen,litz
lattsingen,noekkern
lattsingen,nurnach
lau,marruvia
lau,nuceria
lau,ravona
lau,silium
lauk,madalwy
lauk,madapyaw
lauk,mawaldaw
lauk,myogaing
lauk,pawlangin
lauk,shwedo
laulau,mongpau
laulau,putasi
laulau,thabinton
laulau,yinegyun
laurien,lienne
laurien,south_laure
laurien,towerway
lavitinum,lusetia
lavitinum,persinium
lavitinum,salt_hills
lavitinum,scundili
laxian,lenji
laxian,lixon
laxian,qinhou
laxian,qufe
laxian,sixhou
ldrnach,lower_ashkaz
ldrnach,mbunakh
ldrnach,mirkedezmul
ldrnach,rabr
lebahal,sathal
lebahal,sharti
lebahal,west_rolling_plains
lecan,leithin
lecan,lone
ledejok,odmgo
ledejok,prsn
ledejok,zvomenne
leden,uaqhivik
leden,uugaq
ledrolovo,mitfefmia
ledrolovo,vatvaka
left_,leklins_clearing
left_,lorhon
left_,lostwood_flank
left_,ochkor
left_,rodr
legri,naran_peum
legri,saldosa
legri,tanetin
legri,veixas
legues,lusatt
legues,marraf
legues,tosona
lehper,prias_pass
leijang,liuping
leijang,maocho
leining,padai
leining,shiben
leining,tenwei
leins_field,staugh
leithin,lone
leithin,skyross
leiyou,meihu
leiyou,pujing
leiyou,zhacheng
leiyou,zizhong
lejtal,othryss
lejtawal,yamonkal
lekhrin,qatul
lekhrin,sha_farif
lekhrin,sha_karaan
lekhrin,uhfa_lahm
leklins_clearing,lostwood_flank
leklins_clearing,north_drt
leklins_clearing,rodr
leklins_clearing,south_drt
lenji,lixon
lenji,qufe
lenji,wuzang
lenns,lorre
lenns,senigal
lenthin,minolon
lenthin,tolnmid
lenthin,uwon
lenton,onrell
lenton,urallen
lerga,lichiq
lerga,narak
lerga,yutepa
lersis_waters,moth_forest
lersis_waters,north_alletania
lersis_waters,ochrum
lersis_waters,old_cotone
lersis_waters,south_alletania
lerten,luerland
lerten,uckring
lerten,uthelingen
lesrain,muinste
lesrain,oakmurdir
lesrain,sece
lesrain,sinswain
lesrain,upper_silavan
lesrain,uwen
lesrain,weyes
less,traders_watch
less,uberach
lesser,nas_end
lesser,rimar
lesser,stalmire
lessez_u_iht,querrol
lessez_u_iht,setcaire
lessez_u_iht,sorraine
leternshire,massex
leternshire,norwikk
leternshire,utterburgh
lethe,north_boern
lethe,washjat
levrit,mzrin
levrit,umludened
levrit,wausda
levrit,ykek
leylom,nherad
leylom,yer
leyndhan,suttor
leyndhan,urtai
lhaan,ovarkhal
lhaan,ulaang
lhabei,lioquing
lhabei,pinzhuang
lhabei,tongquan
lherrem_lham,sha_umbab
lherrem_lham,yazu_desert
lhumpho,padai
lhumpho,uttanoburi
libraz,mirdas
libraz,morning_hills
libraz,ode
libraz,shkoke
libraz,south_shurres
lidogo,meax
lidogo,myran
lidogo,oettica
lidogo,porgos
lienne,towerway
lienne,vinewood
lienne,yearlake
lifel,mella
lifel,rabe
lijilah,nekhedet
lijilah,refwahta
lijilah,smarya
lilac,sha_farif
lilac,ushbukh
lilede,loute
lilede,lowleaf
lilede,whistle
lili,nujiliang
lili,pujing
lili,qaixhou
lili,yongxia
liliyao,taishou
liliyao,tiean
liliyao,tiexhou
liliyao,xixhou
liliyao,yuxhou
liliyao,zhangxhou
limaj,lower_greystone
limaj,shazzul
limara,north_border
limara,rhoen
limara,west_border
limyer,mereneth
limyer,sunfall
limyer,sunwater
lindby,storms_point
lindby,vryn
linderton,willdey
lindow,shacktown
lindow,whelby
lingahear,odanouk
lioquing,nagxian
lioquing,panchuan
lioquing,pinzhuang
lioquing,tongquan
lis,qivat_aqi
lis,qivat_elom
lis,qivat_yon
lis,zefat
liss,southern_jotass
lissht,mundin
lissht,relacassht
lisspa,pulasper
lisspa,shest
lithryr,rivenall
lithryr,viijandor
lithryr,waterbridge
lithryr,zuwe
littor,thorne
littor,vodiss
littor,votta_hills
litz,westwoods
liuning,luomen
liuning,yulin
liuping,qincho
liuping,yanqing
livia,manillo
livia,nassia
livia,noretium
liviean,lorrelaie
liviean,osshtar
liviean,silvermist
liviean,skywater
liviean,south_merena
liviean,teneth
livio_qum,livio_telum
livio_qum,nuria
livio_qum,urum_ier
livio_telum,nuria
livio_telum,omeilia
livio_telum,pancona
livio_telum,west_errastas
livio_valium,livio_verax
livio_valium,pancona
livio_valium,suastium
livio_verax,omeilia
livio_verax,pancona
livio_verax,prium
livio_verax,romaan
livio_verax,suastium
livio_verax,vividox
livorrik,rrive
livorrik,south_shurres
livorrik,upper_abere
livorrik,vorrik
lixhoung,lukou
lixhoung,sanyu
lixhoung,shixhoung
lixhoung,tiean
lixhoung,tiexhou
lixhoung,tonghu
lixon,sixhou
lizard_falls,nelvara
lizard_falls,shitano
lizard_falls,upper_fian
llandar,mithras
llandar,threin
llandar,urent
llandar,vaalwood
llsarre,melva
llsarre,nolgarra
llsarre,reixbrix
llsarre,south_bruega
llsarre,vara_plains
lobach,tanneview
lobach,tarthen
lobach,tutz
lobod,mnv
lobod,omagdul
lobod,slavk
lobod,walugd
lochi,paru
lochi,sonati
lochi,thirunpal
lochi,thrissan
lochi,vadam
logino,panus
logunar,skallor
logunar,storms_point
logunar,varhall
logunar,vryn
loguntar,north_greyswood
lojass,raihi
lojass,urat_anad
lokh,pandur
lokh,pardahn
lokh,sramand
lond,neulin
lond,noekkern
lond,orassland
lone,usscaer
lonefield,nanton
lonefield,sukhbaat
lonefield,tain_on_the_wes
longforst,naavir
longforst,riverfall
longforst,sassuwe
longforst,steel_mills
longforst,waterbridge
longhu,sanyu
longhu,shedong
longhu,tonghu
longli,luhu
longli,shedong
longli,shuzhu
longli,weijian
longli,yanhu
longnoi,phin_menh
longnoi,vung_tao
longshore,senigal
longshore,yeotown
lonia,lower_tyrn
lonia,ongell
lonia,upper_tyrn
lonia,west_verdanya
lonji,mojen
lonji,new_moon
lonji,shahjan
lonji,vijyay
lonsar,lower_kalas
lonsar,tienduvin
lonsia,lusatt
lonsia,orchard_downs
lonsia,pearwood
lonsia,reixbrix
lonumu,thakawini
loopar_shelf,sealshore
loopar_shelf,snowport
looseleaf,loute
looseleaf,lowleaf
lopurszd,udverl
lorat,stoneden
loravit,winter_forge
loretania,northbridges
loretania,nuremetum
loretania,paradellius
loretania,silverfield_
loretania,upper_leia
lorhon,matopog
lorhon,parsal
lorhon,rodr
lorrelaie,teneth
lorrelaie,volam
lorritz,nudria
losanabo,mafianatoa
losanabo,manala
losanabo,nanagifo
losanabo,rofotosy
losanabo,toliarasy
lostwood_flank,ochkor
lostwood_flank,ykek
lotarah,sadrat
lotarah,sindhsul
lotarah,terhun
lound,north_belk
lound,south_belk
lounver,saadha
lounver,zemstrasha
loute,lowleaf
low_lotshal,saruin
lower_aating,north_zahlitz
lower_aating,oltendoch
lower_aating,upper_aating
lower_alda,rekran
lower_alda,staaldan
lower_alda,upper_alda
lower_ashkaz,mbunakh
lower_ashkaz,opataik
lower_ashkaz,rabr
lower_aym,upper_aym
lower_bracken,oldheart
lower_bracken,thulil
lower_dragon_vale,onwen
lower_dragon_vale,sabel
lower_elonia,mar_bedo
lower_elonia,nurcian_forest
lower_elonia,oss_taur
lower_elonia,ponton
lower_elonia,upper_elonia
lower_elonia,varalusia
lower_eyslo,northel
lower_eyslo,nykra
lower_eyslo,oddgarm
lower_eyslo,upper_eyslo
lower_fian,north_lestan_forest
lower_fian,upper_fian
lower_geccar,massari
lower_geccar,oltasia
lower_geccar,upper_geccar
lower_geccar,valewood
lower_greystone,shazzul
lower_kaff,nyrthe
lower_kaff,oftland
lower_kaff,upper_kaff
lower_kaff,west_durms
lower_kaff,westyard
lower_kalas,nanein_wood
lower_kalas,relon
lower_kalas,tienduvin
lower_leia,manorre
lower_leia,phage
lower_leia,south_plains
lower_leia,upper_leia
lower_lovash,west_trinning
lower_mei,nyankyne
lower_mei,taungo
lower_mei,thanbo
lower_ngon,shiramd
lower_ngon,uvada
lower_onondawe,niedeh
lower_onondawe,ononaha
lower_onondawe,sadekonn
lower_onondawe,windhills
lower_ozamt,mazesti
lower_ozamt,qadmo
lower_ozamt,rusta
lower_ozamt,tshkari
lower_silavan,mundin
lower_silavan,nur_udal
lower_silavan,oakenrest
lower_silavan,oakmurdir
lower_silavan,relacassht
lower_southpine,oron
lower_southpine,relanii
lower_southpine,seduin
lower_southpine,skystep
lower_southpine,upper_southpine
lower_telas,malbourn
lower_telas,upper_telas
lower_trovan_coast,luckers_point
lower_trovan_coast,mourning_lands
lower_trovan_coast,shant
lower_tyrn,nalanos
lower_tyrn,ongell
lower_tyrn,upper_tyrn
lower_tyrn,west_verdanya
lower_vintage,redshore
lower_vintage,upper_vintage
lower_vintage,wine_hills
lower_vintage,zierlatz
lowersif,mallish
lowersif,merilan
lowersif,moons_end
lowersif,the_ellan
lowleaf,perlino
lowlight,pamia
lowlight,riverrest
lowlight,starlight
loyong,ninhar
loyong,qihot
lrabi,luong_prey
lrabi,nakhphum
lrabi,phiphu
lrabi,phitsung
lrabi,ratchun
lsnevek,malred
luckers_point,shant
ludras,recreath
ludras,stonewood
luerland,uckring
luerland,uthelingen
luesnagotum,romaan
luesnagotum,sentic_hills
luesnagotum,suretia
luesnagotum,tabea
luesnagotum,vividox
lugd,murkta
luhu,shedong
luhu,shixhoung
luhu,tonghu
luhu,xianxhoung
luhu,yanhu
lukano,miyono
lukou,sanyu
lukou,tiexhou
lukou,xuxhou
lundlilu,ndaku
lundlilu,thakawini
luomen,panchuan
luomen,qinlo
luomen,yulin
luong_ko,ngochit
luong_ko,paksurasak
luong_ko,phiphu
luong_ko,phitsung
luong_ko,thuri_gong
luong_ko,udonmai
luong_prey,nakhphum
luong_prey,nonkok
luong_prey,phitsum
luong_prey,ratchun
luong_prey,thuri_skrid
luong_that,samuttaya
luong_that,songrang
luong_that,thap_an
luong_that,udonmai
lurica,nes_sidium
lurica,old_cotone
lurica,phage
lurica,traders_haven
luro,westmarsh
lusatt,reixbrix
lusatt,tosona
lusatt,uvorra
lusetia,lys_taur
lusetia,mar_bedo
lusetia,ponton
lusetia,scundili
lutera,noretium
lutera,veras
lutub,mafara
lutub,pershan
lutub,qurbuk
lutub,uchei
lutub,watrun
luz_forest,rivermark
luz_forest,south_laure
luz_forest,towerway
luz_forest,veradan
luz_forest,wielnowas
lys_taur,mar_casta
lys_taur,ponton
lys_taur,rachan
maaq,saiilorqon
macashan,maoxong
madalwy,myogaing
madalwy,pawlangin
madalwy,thaydaung
madapyaw,nansung
madapyaw,pawlangin
madapyaw,shwedo
madhay,niwwur
madhay,samraiyh
madra,yarayn
madrai,majhin
madrai,qohojen
maeson,nong_suk
maeson,thuri_wei
mafara,mawiyye
mafara,nacib
mafara,watrun
mafara,wufrti
mafianatoa,manafeno
mafianatoa,rofotosy
mafianatoa,toliarasy
magalii,naita
magalii,omnoland
magalii,omuwe
magalii,oponyr
magalii,vaaenen
magelight,shanrya_plains
magelight,south_dawnwood
magelight,vision
magkchezd,maul
magkchezd,oqorako
magkchezd,tertepa
magol,tanetin
magol,veixas
magthagaing,myngok
magthagaing,pwint
mahal,natha_vagu
mahanogo,manakanosy
mahanogo,thulil
mahanogo,upper_bracken
mahanogo,vatvaka
mahasenwe,tehono
majar,nadis
majar,thirunpal
majar,vadam
majhin,qohojen
majmah,nadena
majran,saidamah
maknei,mukul_bangak
maknei,mukul_dalam
maknei,mukul_gai
maknei,seriwan
maknei,solice
malbourn,ras_tir
malbourn,sabassa
malbourn,telgar
malbourn,upper_telas
malenkaru,qudsay
malenkaru,yemenkaru
males,north_elvan
males,szaal
males,tepes
males,vek_wvi
males,voran
malgi,tumlib
malgi,umluk
malier,rrulze
malier,shkoji
malkast,merstrond
malkast,nufhjav
mallish,merilan
mallish,oselham
malspa,topis
mana,othedas
mana,rudrin
mana,shur_mal
manafeno,toliarasy
manafeno,vatoma
manafeno,vokatana
manakanosy,upper_bracken
manala,nanagifo
manala,selake
manbid,marnah
manbid,ruham
manbid,rustas
manbid,tabaikah
maneheart,ohojal
maneheart,pathar
maneheart,puralas
manghe,nujiliang
manghe,qubo
manghe,sha
manghe,xuanming
manghe,yuxong
manillo,nassia
manillo,north_mylades
manjiyon,onyanpo
manorre,northbridges
manorre,phage
manorre,traders_haven
manorre,upper_leia
manruh,qasyr
many_rivers,moton
many_rivers,shinpah
many_rivers,weyo
maoxong,sishing
mapo,shinpah
mapo,sinakliit
mapo,tsia_sado
mappun,nerigalzu
mappun,treehollow
mar_algo,mar_casta
mar_algo,nudria
mar_algo,urriba
mar_bedo,ponton
mar_bedo,varalusia
mar_casta,nudria
mar_casta,rachan
mar_casta,vallreix
marat,perlton
marat,pickets
marat,sayel
marat,yorkey
marble_hills,pi_aswa
marble_hills,tarkhahenet
marby,parvahk
marby,wheyfield
marby,yorkey
marhas,tawa
markhaz,oktrud
markhaz,scar
markhaz,uducron
markhaz,zaloor
marlubi,mawiyye
marlubi,nuqedes
marlubi,watrun
marnah,mudhra
marnah,ratkaresh
marnah,rustas
marnah,thuwal
marraf,tosona
marrchid,ouan
marrchid,setmar
marrchid,zembal
marruvia,nuceria
marruvia,silium
marruvia,tanetin
marruvia,vetrilum
martain,mella
martain,slimkar
marvek,sephir
marwh,mofuq
marwh,salamy
mashkan,shapan
mashkan,yabil
masis_khas,niwwur
masis_khas,saiwi
masked_wood,shainsbright
masked_wood,stugol
masked_wood,swanville
massari,oltasia
massex,north_weald
massex,utterburgh
massino,salasum
massino,vegnium
mastic,movium
mastic,thelan_marsh
mastic,thelis
mastic,thorne
maszr,north_drt
maszr,skeins
maszr,south_drt
matene,north_tene
matene,shahatsi
matene,south_tene
matopog,nwa_karr
matopog,orhone
matopog,parsal
matung,paksurasak
matung,yalburi
maul,oqorako
mauphat,simurkesh
maurwood,north_border
maurwood,usilan
mawaldaw,pankya
mawaldaw,shwedo
mawiyye,nacib
mawiyye,nuqedes
mawiyye,watrun
mayshire,millerstead
mayshire,southstead
mazesti,rusta
mazor,quiwin
mazor,vomar
mbunakh,sheven
mbunakh,sumqar
meansam,muanpura
meaucy,outelles
meaucy,sellaine
meaucy,surdoux
meax,moth_forest
meax,myran
meax,penekran
meax,rattica
medpotjer,menheka
mehen,mount_azta
mehen,mount_huetlal
mehen,tepezta
meihu,weijian
meihu,yongxia
meihu,zizhong
meihu,zouhu
meixou,mianzhou
meixou,qinhou
meixou,xianxhoung
meixou,yanan
melake,north_lov
melake,senud
melake,tasy
mella,rabe
mella,sahran
mella,taosi
melra,nalanos
melra,vallreix
melra,west_verdanya
melva,nolgarra
melva,varragone
melva,vilat
melva,volost
mengli,sha
mengli,xuanming
menien,nanein_wood
menien,nur_deledein
menien,outer_silv
menien,salren
meqqon,oasis
meqqon,thulrad
merchant_hills,silver_hills
merchant_hills,uwl
meren,naxis
meren,spoletum
meren,the_orren
meren,tirelle
meren,upper_elonia
merenaii,north_merena
merenaii,rivnyyr
merenaii,south_merena
mereneth,sunfall
mereneth,sunwater
mereneth,vigil
merenil,sulas
merilan,sumersyle
merilan,the_ellan
merta,opontao
merta,westmarsh
mertin,samli
meshkadarr,shahr_rabas
meshkadarr,tehron
metalaver,scorn
mga,mong
mgondi,qunta
mgondi,ulung
mgondi,zukwadusu
mhas,sindhsul
mhas,terbrahm
mianzhou,yanan
middle_break,vauckland
middle_break,yosh
midwell,pitmedeyn
miktria,noretium
miktria,opoll
miktria,veras
milak,muryat
milak,tagdag
milis,osmarli
milis,talya
milis,vogney
millerstead,southstead
millerstead,tanners_fields
milton_keyns,seagull_harbour
milton_keyns,shazot
milton_keyns,south_tevan
milvrik,shores
minapakur,mintat
minapakur,paykamuy
minapakur,rukpakur
minapakur,uk
minehold,waterport
minehold,west_thalhin
minfiz,thattalput
mingla,oktgon
mingla,pyisu
minheim,stallrvan
minin,old_forge
minin,stoenmil
minolon,south_aldano
minolon,tainde
minolon,tolnmid
minolon,windleaf
mintat,paykamuy
mintat,rukpakur
miras_uvola,moria
miras_uvola,tell_nulvanan
mirdas,nightshade_rise
mirdas,ode
mirdas,shkoke
mirobe,sirabe
mirshera,mukhalt
mirshera,sasuput
mithras,urent
mixcol,mount_huetlal
mixcol,natha_elii
mixcol,palin
mixcol,quico
mixcol,solocapa
mixcol,stepenes
mixcol,tepezta
miyono,odawa
mizujo,onimo
mnv,slavk
mnv,walugd
mobakes,nafez
moccis,qivat_shemuel
moccis,sadaib
modzai,qimay
modzai,sukutar
modzai,tobaalt
modzai,vorkhang
modzai,vosgol
mojen,shahjan
molt,ras_vesen
molt,rimar
molt,telgar
molt,tell_indrylan
monakham,samphu
mong,ronaak
monglao,nyankyne
monglao,shabri
monglao,shainsbright
monglao,thanbo
monglao,thandau
mongpau,montau
mongpau,paukguyn
mongpau,putasi
mongpau,thanwegu
mongpau,yinegyun
monkha,samphu
monmala,montau
monmala,paukguyn
montau,paukguyn
montau,yinegyun
moonfall,roshi
moonfall,south_elvan
moonfall,tepes
moonfall,tieva
moonfall,west_tirol
moons_end,riverway
moons_end,the_ellan
moons_end,willdey
moorvilik,pinnituq
moorvilik,sushen
mopar,oban
morana,quidrema
morarch,orenheim
morarch,whitefield
morayang,rapha
morayang,surja
morayang,syanhun
moria,north_embers
moria,tell_nulvanan
morlach,nwa_karr
morlach,ustahv
morlach,zvomenne
morn,tanvik
morn,votun
morning_hills,prene
morning_hills,rrive
morning_hills,shkoke
morning_hills,south_shurres
morrow,titans_fist
morrow,uzam
morrow,xaba
morrows,vul
mosserlis,norwikk
mosserlis,ralvan
mosserlis,utterburgh
mosserlis,west_weald
moth_forest,myran
moth_forest,ochrum
moth_forest,old_cotone
moth_forest,rattica
moton,shinpah
mounne,nes_sidium
mounne,phoettica
mount_ath,rivers_shore
mount_azta,natha_nithii
mount_azta,quico
mount_azta,tepezta
mount_huetlal,natha_vagu
mount_huetlal,solocapa
mount_huetlal,tepezta
mountain_shore,ochkor
mountain_shore,sulus
mourdeaux,qorraine
mourning_lands,shant
mourning_lands,tears_embrace
movium,quidrema
movium,talin
movium,thorne
movium,vodiss
moyuk,nukarakur
moyuk,otan
mraayan,nattshibin
mraayan,oktgon
muang_rung,pretchetabri
muang_rung,svaysat
muanpura,thomang
muanpura,yasung
mudanxi,oktgon
mudanxi,qijiang
mudanxi,xaling
mudhra,qalar
mudhra,ratkaresh
mudhra,thuwal
mudoth,stalmire
mudoth,upper_telas
mudoth,zarocs_star
mugayd,old_taraal
mugayd,orat
mugayd,taraal
muhe,tong
muhe,tsumawa
muiness,relanii
muinste,nuthrin
muinste,tiowen
muinste,uwen
muinste,weyes
muir,varan
mukhalt,raimya
mukhalt,sasuput
mukhalt,shikarpud
mukul_bangak,sabajong
mukul_bangak,seriwan
mukul_bangak,wonggerek
mukul_dalam,mukul_gai
mukul_dalam,purge
mukul_dalam,ulojong
mukul_gai,mukul_gon
mukul_gai,ulojong
mukul_gon,sungalbun
mukul_gon,tamosokaz
mukul_gon,taskeama
mukul_gon,ulojong
mukul_tum,pajbus
mukul_tum,sabajong
mukul_tum,shakaz
mukul_tum,srjajan
mukul_tum,taskeama
mulah,sardaq
mulah,zatersi
mulwar,rozni
mulwar,tajput
mundar,sondeth
mundau,north_wild_lake
mundau,oberplatz
mundau,south_wild_lake
mundau,thulberg
mundau,xylung
mundin,relacassht
mundren,nedland
murhold,murwood
murhold,north_weald
murhold,tinderwood
murhold,treemont
murhold,urndell
murhold,west_weald
muria,murtte
muria,neletus
muria,salasum
muria,vegnium
murkta,sulus
murkta,talamok
murlocke,murwood
murlocke,nonne
murlocke,urndell
murtte,ravere
murtte,salasum
murtte,snyder
murwood,nonne
murwood,tinderwood
murwood,urndell
muryat,sazket
musto,pouli
musto,sabgaea
musto,south_antil
musto,tonka
myittalaw,myogaing
myittalaw,pankya
myland,ochrum
myland,puras
myland,south_alletania
myles,whitefield
myngok,pwint
myngok,yanyeii
myogaing,natmgon
myran,oettica
myran,old_cotone
myre,wake
mywadan,palawi
mzrin,udverl
mzrin,umludened
mzrin,wausda
naarth,overpool
naarth,upper_sprucewood
naat,vaaenen
naavir,riverfall
naavir,uinme
nabai,obhanva
nabai,panidar
nabai,raighar
nabai,sune
nacib,wufrti
nacib,yabha
nadis,vadam
naerine,vaalwood
nagola,okymbe
nagola,vohonale
nagxian,shuzhu
nagxian,tongquan
naiju,onimo
naiju,yatome
naintel,nizwad
naintel,qohojen
naintel,sambhal
naintel,sarapur
naintel,satur_pra
naintel,shalgawad
naita,omnoland
naita,oponyr
naita,rivenall
naita,sassuwe
naita,weyik
najram,sharkhaf
nakaito,rakur
nakamarai,odasaka
nakamarai,satsumake
nakamarai,tajigaki
nakamarai,yokumiha
nakar,saadha
nakham,roisong
nakham,sisthamai
nakham,sukotab
nakhphum,phitsum
nakhphum,phitsung
nakuki,shibuko
nakuki,tsudo
nalanos,west_verdanya
nalecusnyr,okran_steps
nalecusnyr,razca
nalecusnyr,tvaryn
nalecusnyr,warshvat
nalman,qasyr
naluk,qurbuk
naluk,tobwiya
naluk,wahabi
nanagifo,osydrola
nanagifo,rofotosy
nanagifo,selake
nanein_wood,nur_deledein
nanein_wood,relon
nanein_wood,salren
nangar,takh
nangar,terat
nanper_coast,teu_aper
nansu,qaixhou
nansu,taixhou
nansu,yongxia
nansu,zouhu
nansung,ngwedaut
nansung,shwedo
nansung,tauk_u
nanton,sukhbaat
nanton,tain_on_the_wes
nanxhou,weixhou
naragagello,osil
naragagello,osul
naragagello,sahun
naragagello,telabucco
narak,terdmal
narak,yutepa
naran_peum,naran_ubrex
naran_peum,segium
naran_peum,solet
naran_peum,veixas
naran_ubrex,salt_hills
naran_ubrex,solet
narkha,rasikhat
narkha,rayburi
narsis,phoettica
narsis,valewood
narsis,vilizia
nas_end,ras_dinryl
nas_end,ras_ebeleth
nas_end,rimar
nashak,trereborg
nashde,uvlord
nashde,uzgul
nasirshrar,taqgan
nasirshrar,vahshak
nassia,westyard
natha_chizu,quetzago
natha_chizu,zetera
natha_elii,palin
natha_elii,stepenes
natha_elii,zacage
natha_gii,patzul
natha_gii,quetzaljap
natha_gii,trove_coast
natha_mavii,tepeque
natha_mavii,zacage
natha_nithii,quico
natha_nithii,quizato
natha_nithii,serahal
natha_nithii,zaltenan
natha_poto,panajach
natha_poto,veletoya
natha_vagu,solocapa
natjeri,potikama
natjeri,temino
natjeri,wood_forge
nattshibin,oktgon
nattshibin,paukguyn
nattshibin,thanwegu
naupathos,north_mylades
naupathos,nuceria
naupathos,ravona
navka,teddek
naxis,prium
naxis,suastium
naxis,suretia
naxis,the_orren
naxis,tirelle
ndaku,thakawini
neaendh,renna
neaendh,tagocs
neaendh,tjil_vantan
necrom,the_barrens
necrom,uva_shei
nedland,ris
neera,ulojong
neera,virile
neera,wyeeroong
nefte,shatir
nefte,sheria
nefte,ulap
nefte,venegetera
nefte,we_kiwo
neheta,ogeno
neheta,owei_sado
neheta,south_tene
neheta,tenida
neheta,wolfs_tail
neifland,runland
neifland,sona
nekhedet,theban
neletus,ravona
nelvara,shitano
nemaeyou,nowistisi
nemaeyou,onodanewa
nemaeyou,pane
nemaeyou,shanti
nemesemeh,springside
nemesemeh,wetasgoost
nerigalzu,sasum
nerigalzu,treehollow
nerigalzu,umluk
nerporinne,sarkhan
nerporinne,werridu
nervonshire,thaler
nervonshire,vernen
nes_sidium,north_alletania
nes_sidium,phage
nesao,valdan
neulin,oberplatz
neulin,orassland
neulin,weix
new_moon,panidar
new_moon,raijat
new_moon,shahjan
new_moon,vijyay
newcorpse,southrocks
newcorpse,ulstanshire
neyb,pi_assmenehet
neyb,theban
nganeye,patheng
nganeye,pinpyin
nganeye,singhin
nganeye,singpauk
nganeye,thabo
ngochit,phitsung
ngochit,songrang
ngochit,udonmai
ngwedaut,shwedo
ngwedaut,tauk_u
nherad,uhfa_lahm
nherad,wadwa_lahm
nherad,yazu_desert
nichibeoka,shiono
nichibeoka,wushan
nichibeoka,yanzhen
nidrborg,occhol
nidrborg,trereborg
niedeh,wega
niedeh,weheni
nievosov,obreneh
nievosov,zelen
nightshade_rise,shkoke
nightshade_rise,tarankt
nihamo,nishi
nihamo,tatoyo
nillland,schrenstonn
nillland,skycradle
ninhar,qihot
ninhar,qijiang
ninthstead,opirs_tears
ninthstead,south_greyswood
nirnas,piroll
nirnas,uposs
nirnas,valion
nirrweigh,reach
nishamar,sappur
nishamar,sar_kun
nishamar,sefidashn
nishi,tatoyo
nisho,qubo
nisho,wuchow
nisho,yuxong
nitsino,nowistisi
nitsino,taka_sado
nitsino,wetwondi
nivi,pasarpor
nivi,zr
niwwur,samraiyh
nizwad,sarapur
njarla,roslagn
njarla,sona
nocturne,stetton
noekkern,orassland
noiaransi,simurkesh
noiaransi,teljarpas
nojda,okojen
nojda,samdur
noklas,north_aldano
noklas,south_aldano
noklas,ulster
nolgarra,south_bruega
nolgarra,volost
nonkok,phitsum
nonkok,thuri_skrid
nonne,ralvan
nonne,tinderwood
nonne,west_weald
nopvgak,nwa_karr
nopvgak,orhone
nopvgak,ustahv
nopvgak,vlakdehsn
nopvgak,zlok
nor_urt,uve
nordland,westmoon
noretium,veras
norra,savolen
norra,skund
norra,sojot
norra,talmyr
norra,tojun
north_aldano,south_aldano
north_aldano,tainde
north_alletania,south_alletania
north_antara,nym
north_antara,south_antara
north_antara,wide_banks
north_antil,pouli
north_antil,south_antil
north_antil,westea
north_aqai,shirat
north_aqai,shubari
north_aqai,south_aqai
north_aqai,ulat
north_aqai,walwam
north_aqai,zuwar
north_belaff,sark
north_belaff,south_belaff
north_belaff,south_skjoll
north_belaff,west_skjoll
north_belk,sonar
north_belk,south_belk
north_blackmyre,scalemarsh
north_blackmyre,south_blackmyre
north_boern,washjat
north_border,saurgh
north_border,usilan
north_border,west_border
north_dageh,nowata
north_dageh,ononaha
north_dageh,rravn
north_dageh,telanir
north_dageh,windhills
north_dbaa,scarred_shore
north_dbaa,south_dbaa
north_drt,rodr
north_drt,south_drt
north_drt,upper_lostwood
north_elvan,south_elvan
north_elvan,tepes
north_embers,tell_nulvanan
north_giantswood,opirs_tears
north_giantswood,reamoon
north_giantswood,south_giantswood
north_giantswood,upper_moon
north_giantswood,westmoon
north_hovn,sark
north_hovn,south_hovn
north_hovn,torben
north_kanata,shoonwhe
north_lestan_forest,south_lestan_forest
north_lestan_forest,upper_fian
north_lestan_forest,uvollis
north_lestan_forest,yaria
north_liivwhan_mountains,samli
north_liivwhan_mountains,tfaille
north_liss,west_liss
north_lov,senud
north_lov,south_lov
north_lov,tasy
north_merena,osmarli
north_merena,rivnyyr
north_oten,sandrill
north_oten,tanners_fields
north_oten,vinton
north_reywith,sinswain
north_reywith,south_reywith
north_reywith,upper_silavan
north_solstire,orenheim
north_solstire,solstire_end
north_solstire,south_oren
north_solstire,ywes
north_summerlands,steel_mills
north_summerlands,summerlands
north_summerlands,waterbridge
north_summerlands,zuwe
north_tene,nowata
north_tene,shotwe
north_tene,south_tene
north_tevan,parvahk
north_tevan,shazot
north_tevan,welding
north_way,sothn
north_way,winter_forge
north_weald,oselham
north_weald,treemont
north_weald,utterburgh
north_weald,west_weald
north_wild_lake,oberplatz
north_wild_lake,south_wild_lake
north_wild_lake,weix
north_zahlitz,south_zahlitz
north_zahlitz,vern
north_zilah,south_zilah
northbridges,nuremetum
northbridges,traders_haven
northbridges,upper_leia
northdocks,seawatch
northdocks,tire
northeim,uthrenland
northel,sojot
northel,torvas
northel,upper_eyslo
northil,westhil
northrise,shieldstone
northriver,stonewater
northriver,viijandor
northtree,south_giantswood
northtree,treeshores
norun_plain,ormsdalr
norun_plain,south_heron
norun_plain,valrunin
norun_plain,votun
norun_plain,ytland
norwikk,ralvan
norwikk,utterburgh
nos_tari,shox_kabak
nos_tari,yes_tari
nothan,terl
nothan,wearshire
nothern_deadlands,pospi
nothern_deadlands,sagzdum
nothern_deadlands,velath
nowata,shotwe
nowata,south_dageh
nowata,windhills
nowistisi,onodanewa
nowistisi,wetwondi
noyaunkur,penionkur
noyaunkur,rokunkur
noyaunkur,wakkakur
nuardernec,wayfurd
nuardernec,yoht
nuardernec,yoren
nuceria,ravona
nudria,vallreix
nufhjav,skerten
nuhlbaatar,ordoi
nuhlbaatar,qimay
nuhlbaatar,sukutar
nuhlbaatar,ulisai
nuhlbaatar,urlohn
nujiliang,pujing
nujiliang,xuanming
nujiliang,yushuang
nuju,sutzu
nukarakur,roskara
nukk,selse
nukk,taselc
nukk,tjil_eirse
nuqedes,tirsham
nur_deledein,outer_silv
nur_deledein,relon
nur_deledein,two_shores
nur_falswe,southpeak
nur_falswe,starain
nur_falswe,yesermin
nur_udal,outer_silv
nur_udal,yesermin
nurcian_forest,ponton
nurcian_forest,rachan
nurcian_forest,upper_elonia
nurcian_forest,west_verdanya
nuremetum,oettica
nuremetum,traders_haven
nuretego,reira
nuretego,valdan
nuretego,vitejo
nurnach,zerill
nurtadsin,rekran
nuthrin,tiowen
nuthrin,uthin
nuthrin,weyes
nwa_eswo,skave
nwa_eswo,speartree
nwa_karr,orhone
nwa_karr,ustahv
nwa_sanke,prsn
nwa_sanke,slavk
nwa_sanke,ustahv
nwa_sanke,vlakdehsn
nyankyne,pinpyin
nyankyne,syiwi
nyankyne,taungo
nyankyne,thanbo
nyankyne,thandau
nykra,oddgarm
nym,parth
nym,sondeth
nym,south_antara
nyrthe,oftland
nyrthe,upper_kaff
oakenrest,oakmurdir
oakenrest,sece
oakmurdir,relacassht
oakmurdir,sece
oakmurdir,south_reywith
oakmurdir,upper_silavan
oamishi,odasaka
oamishi,tatoyo
oban,prias_pass
oberplatz,weix
obhanva,panidar
obhanva,qohojal
obhanva,raighar
occhol,uvlord
occult,qarro
ochakik,ochane
ochakik,upper_ochaniki
ochane,springside
ochane,upper_ochaniki
ochrum,rattica
ochrum,south_alletania
ochrum,southwater
odanouk,phin_linh
odawa,satsumake
ode,south_shurres
ode,vire
odensbur,old_catter
odensbur,robbers_crest
odensbur,tanne_mouth
odensbur,upper_vintage
odil,uzam
odil,whiterose
odil,xibei
odil,yes_tari
odoal,roskir
odren,skaross
offling,rehten
offling,tannebend
offling,tutz
offling,uberach
oftland,zierlatz
ogeno,owei_sado
ogosland,orvik
ogosland,reykjaby
ogosland,skalhall
ogroz,raddo
ogroz,rgag
ogroz,skein
ohipuri,pajapat
ohipuri,qohojal
ohojal,puralas
ohtor,undgom
okojen,samdur
okran_steps,razca
okran_steps,warshvat
okrul,rgag
okrul,urdus
okrul,ushbukh
oktrud,shabsuj
oktrud,tamol
oktrud,uducron
okymbe,vananana
okymbe,wreath
old_catter,tanne_mouth
old_shaaz,under_pickets
old_shaaz,wheldeross
old_taraal,samli
old_taraal,soyol
old_taraal,taraal
old_vielle,vielle
old_vielle,yeotown
oldheart,thulil
oldheart,upper_bracken
olkyee,rabinmal
olowiets,volots
oltasia,valewood
oltasia,vilizia
oltendoch,thulberg
oltendoch,upper_aating
omagdul,oqorako
omagdul,qoztepa
omeilia,pancona
omeilia,romaan
omeilia,west_errastas
omir,rabe
omir,sahran
omir,tasfrit
omnoland,stonewater
omo_ega,rubum
omo_ega,shabsuj
omo_ega,uducron
omo_ega,zrid
omuwe,vaaenen
ongell,upper_tyrn
ongiil,ornogov
ongiil,ovarkhal
ongiil,urutay
ongiil,usul
onglmin,silverleaf
onodanewa,pane
onodanewa,pewo_sado
onodanewa,wetwondi
ononaha,sadekonn
ononaha,shkoji
ononaha,telanir
ononaha,windhills
onrell,terl
onswed,shoal
onvili,waterpoint
opataik,rabr
opataik,wlatad
openfield,uwl
opirs_tears,westmoon
opoll,reira
opoll,volaria
oponyr,weyik
oqondis,purpur
oqorako,qoztepa
oqorako,uzkhakkul
orassland,stockshire
orassland,terringen
orat,west_mersi
orbonfell,skallor
orchard_downs,pearwood
ordoi,prelash
ordoi,ulisai
ordoi,urlohn
ordoi,urtai
orenheim,south_oren
orhone,parsal
orhone,zlok
orlone,setcaire
orlone,sorraine
ormsdalr,skarrun
ormsdalr,ytland
ornogov,ovarkhal
oron,skystep
oron,upper_southpine
orvik,reykjaby
oselham,treemont
osfell,sturing
osfell,thalheim
osil,purhun
osil,sahun
oss_taur,upper_elonia
oss_taur,varalusia
osshtar,skywater
osshtar,south_merena
ostershire,wayfurd
ostershire,yorwikke
ostralestia,rosewood
ostralestia,scundili
ostralestia,west_rose_forest
ostram,south_yothiin
ostram,white_forge
ostram,yothelheim
osul,sahun
osul,telabucco
osydrola,vananana
otalar,rukksland
otalar,tvar
otan,penionkur
otan,ummo
othedas,rudrin
othedas,synister
othenheim,south_heron
othenheim,sundborg
othenheim,trejaslo
othenheim,valrunin
oujat,saftat
oujat,sahkara
outelles,surdoux
ovarkhal,sharkhol
ovarkhal,ulaang
overpool,setcaire
overpool,upper_sprucewood
owei_sado,tenida
owei_sado,tsia_sado
paara,taleqas
padai,shiben
padai,thuri_sanga
padai,uttanoburi
pajapat,puralas
pajapat,qohojal
pajbus,sabajong
pajbus,sayhel
pajbus,usram
pajbus,wufrti
paksurasak,samuttaya
paksurasak,udonmai
pakvrk,slag_hill
pakvrk,stonehall
pakvrk,vlakdehsn
paladium,rosewood
paladium,valaris
paladium,vetrilum
palash,purhun
palash,sadrat
palash,sahun
palawi,thabegyi
paldar,sotvin
paldar,uviels_shore
palestone,scalemarsh
palin,solocapa
pamia,starlight
pamiiu,tulku
panajach,veletoya
panchu,raihi
panchu,urad_roh
panchu,urat_anad
panchuan,pinzhuang
panchuan,yulin
pandur,sramand
pane,shanti
pane,west_chewa
panidar,raijat
panserh,sazket
panserh,sheven
pansong,pyonje
pansong,sarisong
pansong,xianlu
paradellius,puesca
paradellius,rosewood
paradellius,silverfield_
parahan,sharyeh
parahan,tankad
pardahn,sramand
pardanzar,samsakal
pardanzar,sappur
pardanzar,sefidashn
pardanzar,shol
parilga,wuegalanga
parsal,zlok
parshi,punphu
parshi,shahr_rabas
parshi,tronpang
parth,sondeth
parth,south_antara
parth,upper_dragon_vale
paru,sonati
parvahk,yorkey
pasarpor,qasahud
pasarpor,vahshak
pasarpor,zr
patheng,pinpyin
patheng,syiwi
patheng,upper_mei
paukguyn,thanwegu
pearl,saltmarsh
pearl,ul_sudd
pearl,vek_tanal
pearwood,puixol
pearwood,tortus
peasants_rock,teltran_border
pell,shamor
pell,shoulder
penionkur,rokunkur
penionkur,ummo
perablia,peradma
perablia,south_plains
perablia,varaglia
perablia,votta_hills
peradma,phoettica
peradma,south_plains
peradma,upper_geccar
peradma,valewood
peradma,votta_hills
perderimgu,wanagoon
perlino,silverleaf
perlton,sayel
pershan,qrak
pershan,qurbuk
pershan,watrun
persinium,salt_hills
persinium,valaris
pesnam,pewo_sado
pesnam,taweno
pesnam,west_peswatow
pewo_sado,taweno
pewo_sado,wetwondi
phage,traders_haven
phatteng,shiben
phatteng,uttanoburi
phatteng,yasung
pheibin,phin_chi
pheibin,phin_menh
pheibin,phin_ton
pheibin,vung_tao
pheibin,xi_nga
pheino,sakaris
pheino,utohn
phin_cah,quan_nai
phin_cah,thonang
phin_cah,tuy_ngu
phin_cao,phin_linh
phin_chi,phin_ton
phin_chi,xi_nang
phin_chi,xi_nga
phin_menh,phin_ton
phin_menh,qui_ca
phin_menh,vung_tao
phin_ong,quan_nai
phin_ong,thuan_na
phin_ong,tuy_ngu
phin_ton,qui_ca
phin_ton,yen_bin
phiphu,phitsung
phiphu,ratchun
phiphu,thuri_gong
phoettica,valewood
pi_assmenehet,wephrehamun
pi_aswa,tarkhahenet
pickets,sayel
pickets,under_pickets
pickets,yorkey
pilssh,south_poldam
pinnituq,skalhall
pinnituq,ugujaai
pinpyin,singhin
pinpyin,syiwi
pinpyin,thandau
pinzhuang,yulin
pirates_cove,shelfe
piroll,siret
piroll,uposs
piroll,west_oaks
plains_of_iss,south_oten
plains_of_iss,wearshire
plumwood,senon
plumwood,yovann
pogram,rravn
polopo,saelon
polopo,ucham
polopo,we_amipa
polopo,whangale
ponton,rachan
porgos,urriba
porgos,west_rose_forest
porri,sealshore
pospi,sagzdum
potikama,urube
potikama,wood_forge
pouli,south_antil
pouli,westea
prelash,urtai
pretchetabri,sihanchey
pretchetabri,svaysat
prias_pass,shest
prium,suastium
prium,suretia
prium,vividox
prsn,ustahv
prsn,zvomenne
przygodla,tvaryn
przygodla,volots
puesca,ravere
puesca,shyril
puesca,silverfield_
puesca,tosa
puixol,tortus
puixol,uvorra
pujing,qujong
pujing,yushuang
pulasper,ulda
punjakh,sarkhan
punjakh,zhempang
punphu,tronpang
puras,south_alletania
purhun,sahun
purpur,west_kurjen
putasi,thabinton
putasi,thanwegu
putasi,yekbaun
pwint,singpauk
pwint,yanyeii
pya_u,shandalai
pya_u,thabegyi
pya_u,thadon
pyeonang,sihejeon
pyeonang,ujleonpo
pyisu,thanwegu
pyisu,yekbaun
pyonje,xianlu
pyonje,zidu
qadmo,tshkari
qadmo,tskhihumi
qadmo,udivili
qadmo,vask
qaiki,rafh
qaiki,safwigh
qaim,qasyyah
qaim,samarwa
qaixhou,taixhou
qaixhou,wuxhou
qaixhou,yongxia
qammur,quccar
qar,sadaib
qar,ybiya
qar,ydanat
qarchuk,qarro
qaru,salawayda
qaru,tal_hoqq
qaru,tawa
qasahud,tankad
qasahud,zr
qasyyah,samarwa
qasyyah,wamih
qatul,sha_karaan
qatul,utoriha
qelon,qivat_aqi
qelon,qivat_rot
qelon,qivat_shemuel
qelon,teles
qelon,tiqanna
qhirash,sehlwa
qhirash,south_aqai
qhirash,west_shasta
qihot,thadon
qijiang,xaling
qijiang,yaka
qimay,sukutar
qimay,urutay
qincho,yanqing
qinhou,qufe
qinhou,xianxhoung
qinhou,yanan
qinlo,taixhou
qinlo,yanqing
qivat_aqi,qivat_elom
qivat_aqi,qivat_rot
qivat_aqi,qivat_yon
qivat_aqi,teles
qivat_elom,teles
qivat_kafar,shqel
qivat_rot,qivat_yon
qivat_rot,tiqanna
qivat_shemuel,tiqanna
qivat_tuvo,shqel
qivat_tuvo,udana
qivat_yon,zefat
qoha,sha_sou
qoha,tusynmir
qohojass,urad_karpat
qohojen,shalgawad
qol,sadakiz
qol,south_bal
qosskot,usskot
qoztepa,shiramd
qoztepa,uzkhakkul
qragos,shatir
qragos,sheria
qragos,shord
qragos,vanbu
qrak,qurbuk
quan_nai,thonang
quan_nai,tuy_ngu
quanglo,roisong
quanglo,sukotab
quanglo,trabao
quanglo,xi_logye
quarun,sonar
quarun,spoletum
quarun,suretia
quarun,tabea
quarun,tirelle
qubo,wuxhou
qubo,yuxong
quduk,wamih
quenakerup,tarabundego
quenakerup,towmi
quenakerup,wuegalanga
querrol,sorraine
querrol,upper_sprucewood
quetzaljap,south_bay
quetzaljap,stepenes
quetzaljap,trove_coast
qufe,wuzang
qufe,xianxhoung
qufe,yanhu
qui_ca,yen_bin
quico,quizato
quico,stepenes
quico,tepezta
quidrema,talin
quiwin,vomar
quiwin,wanagoon
quizato,south_bay
quizato,stepenes
quizato,zaltenan
qujong,yushuang
quna,ramid
qunfurayy,taraq
qunta,zukwadusu
qurbuk,uchei
qushrin,saidamah
qushrin,shasr
rabe,sahran
rabinmal,zhempang
raclatha,sathrone
raclatha,scarbark
raclatha,south_dawnwood
raclatha,venmir
raclatha,volvaan
raddo,skein
raebare,seramam
raebare,teljarpas
rafh,thuwal
rafh,umqan
raiganj,seramam
raighar,sune
raihi,urat_anad
raihi,usgeli
raijat,shahjan
raimya,safaput
raimya,sasuput
raimya,senaput
raimya,shikarpud
rainshore,west_isle
rajat,seramam
rajat,sonati
rajat,srinjam
rakaib,zaloor
rakaib,zawrata
rakur,yakur
ralon,urube
ralvan,west_weald
rama,tal_hoqq
rama,yemenkaru
ranacans,vilat
ranrak,wyvern_harbour
raput,sengarh
raput,sheikan
raqqo,salawayda
raqqo,talbiwa
ras_dinryl,ras_ebeleth
ras_dinryl,rimar
ras_dinryl,tell_indrylan
ras_tir,sabassa
ras_tir,telgar
ras_vesen,tell_indrylan
ras_vesen,wyvern_harbour
rasikhat,samuttaya
rasikhat,sawan
rasland,tormund
rasland,torvas
ratchun,thuri_sanga
ratchun,thuri_skrid
ratkaresh,rustas
rattica,southwater
ravere,shyril
ravere,silverfield_
razca,vinewood
reach,south_greyswood
reach,westhil
reamoon,ten_stones
reamoon,upper_moon
reamoon,westmoon
reapers_hedge,whistle
reaver,urdus
reckless,west_northlands
recreath,shanrya_plains
recreath,western_deadlands
red_dunes,ykreqielk
redshore,wine_hills
refeda,refwahta
refeda,sha_sou
referingen,urallen
referingen,uthan
refwahta,smarya
rehk,uvada
rehten,tanne_mouth
reira,vitejo
reixbrix,tosona
reixbrix,vara_plains
reixbrix,vilat
relacassht,south_reywith
relon,two_shores
relon,uteya
renna,sleiporg
renna,tagocs
renna,tjil_vantan
reverent,sinderion
reverent,upper_nulvar
reverent,uvollis
reykjaby,svaldran
rgag,shathra
rhoen,roehen
rhoen,syrd
rhoen,west_border
rimar,tell_indrylan
riohme,tagocs
riohme,tanvik
ris,sixja
ris,thalheim
rivenall,sassuwe
rivenall,waterbridge
riverend,senon
riverfall,steel_mills
riverfall,uinme
rivermark,towerway
rivermark,tranvryw
rivermark,vinewood
riverrest,starlight
riverrest,uthan
riverrest,westwoods
rivers_shore,traders_post
riverway,willdey
robbers_crest,rottsen
robbers_crest,slendos
robbers_crest,spressingen
robbers_crest,upper_vintage
rockcliffe,volos
rocks_above,ywellke
rodr,upper_lostwood
roehen,syrd
roehen,tarov
roehen,west_border
rofotosy,sofivakina
roisong,sisthamai
roisong,sukotab
roisong,xi_logye
roisong,xi_nga
rokunkur,ummo
rokunkur,wakkakur
romaan,vividox
romenis,vetrium
ronaak,shiramd
root,uwon
root,wewe
rosewood,west_rose_forest
roshi,rrogonis
roshi,telankt
roshi,tieva
roskara,uk
roskara,yakur
rottsen,slendos
rottsen,tannebend
rottsen,tanneview
rozaba,safb
rozaba,talmhen
rozni,tajput
rozni,tarbots
rozni,valass
rrive,south_shurres
rrive,upper_abere
rrogonis,tieva
rrogonis,vire
rrulze,shadowspire
rubum,urdus
rubum,zrid
ruham,rustas
ruham,samhair
ruham,tabaikah
ruine,upper_nulvar
ruine,venmir
ruine,volvaan
rukpakur,wakkakur
rule,throne
runland,sjaldan
runland,sona
rusta,umuzgul
rustas,saiwi
rustas,samhair
sabajong,taskeama
sabassa,shank
sabel,upper_dragon_vale
sabgaea,satagwah
sabgaea,tonka
sabgaea,we_upao
sadaib,ybiya
sadakiz,tirsham
sadal,yosh
sadekonn,shotate
sadhmas,swais
safaput,sasuput
safaput,senaput
saffenwighe,tyrven_bor
saffenwighe,uvondrait
saffenwighe,yedr
safrak,tekir
safwigh,thulrad
sahid,sarehok
sahkara,taosi
sahkara,yousarlil
sahkara,zembal
sahran,taosi
sahran,tasfrit
sahran,zemstrasha
saidamah,shasr
saiwi,samhair
sakaris,sephat
salamy,suwath
salasum,varaglia
salasum,vegnium
salawayda,tal_sen
salawayda,talbiwa
salren,siret
salren,sunhall
salren,uposs
saltmarsh,slajan
saltmarsh,ul_sudd
saltmarsh,vek_tanal
salya,yarayn
samarwa,shamis
samarwa,wamih
sambhal,satur_pra
sambhal,shalgawad
samsakal,sanshej
samsakal,sappur
samsakal,sarabal
samsakal,taqashat
samuttaya,sawan
samuttaya,udonmai
sandrill,ursland
sandrill,vinton
sandule,westwoods
sandule,zerill
sanrih,zatersi
sanrit,sayykaf
sanrit,shabaq
sanshej,sappur
sanshej,sarabal
sanuji,shibuko
sanuji,tsudo
sanyu,tonghu
sappur,sefidashn
sar_kun,sefidashn
sar_kun,shol
sarakul,stoneport
sarapur,satur_pra
sardaq,zatersi
sarisong,tanju
sarisong,tonsul
sarisong,xianlu
sark,west_skjoll
sarkhan,zhempang
sarput,sengarh
sarput,sheikan
sarput,tarbots
sassuwe,waterbridge
sassuwe,weyik
sasum,umluk
satagwah,tonka
sathal,west_rolling_plains
sathrone,scarbark
sathrone,south_dawnwood
sathrone,torwood
satsumake,tajigaki
saurgh,tarov
saurgh,ulstyzycyn
saurgh,usilan
saurgh,west_border
savolen,skund
savolen,west_kapland
sawan,xi_nang
sawathayya,svayhad
sawathayya,yalburi
sayhel,usram
sayhel,yerna
sayykaf,tal_sen
scalemarsh,shellwater_bridge
scar,uducron
scarbark,south_lestan_forest
scarbark,torwood
scheppeland,uckring
scheppeland,upper_kaff
schipje,shieldstone
scorn,varavan
scunt,west_thalhin
scunt,whelps_hill
seagili,talya
seagull_harbour,south_tevan
seagull_harbour,wheaton
seahome,solven
sealshore,snowport
seanie,sellaine
seanie,thalie
seanie,umbridge
seaview,sorraine
sece,weyes
seduin,upper_southpine
sefidashn,shol
segium,solet
segium,tovinya
sehlwa,south_aqai
sehlwa,walwam
selc_marsh,selse
selegon,ulaang
sellaine,surdoux
sellaine,thalie
selluin,shest
selluin,verp
selse,taselc
sengarh,sheikan
sengarh,tarbots
senile,seriwan
sentic_hills,sonar
sentic_hills,tabea
senud,skeins
seosan,ujleonpo
seqal,shabaq
serahal,zaltenan
seraz,shal_ragraz
seridar,sungalbun
seridar,wyeeroong
seriwan,solice
seriwan,wonggerek
setcaire,sorraine
setcaire,upper_sprucewood
setmar,zembal
seylom,sumvom
seylom,thah
seylom,vhido_lahm
seylom,wadwa_lahm
seyten,skave
seyten,tagdag
sha,shangfu
sha,tenwei
sha,xuanming
sha,yuxong
sha_farif,uhfa_lahm
sha_karaan,uhfa_lahm
sha_karaan,utoriha
sha_umbab,sha_wakr
shabai,shibuko
shabai,towaka
shabai,tsumawa
shabri,stugol
shabri,thanbo
shabsuj,uducron
shacktown,solstire_end
shad,terat
shade,smarya
shade,tusynmir
shadowspire,shkoji
shadowspire,telanir
shahatsi,weheni
shahr_rabas,tronpang
shainsbright,swanville
shainsbright,ton_evu
shakaz,srjajan
shakaz,tamosokaz
shakaz,taskeama
shakryn,tusynmir
shal_ragraz,teddek
shamis,tilan
shamor,upper_trovan_coast
shandalai,thabegyi
shangfu,shiben
shangfu,tenwei
shangfu,yasung
shank,synister
shanrya_plains,zarocs_star
shanti,upper_ochaniki
shanti,wanipi
shard,vonmar
sharkhaf,taraq
sharkhol,ulaang
shasr,tilan
shatir,sheim
shatir,sheria
shatir,ulap
shazot,south_tevan
shazot,welding
shazzul,shotar
shazzul,vek_aba
shedong,shuzhu
shedong,tonghu
sheim,ulap
shellfire,southern_jotass
shellfire,sylt
shenzhou,swanville
shenzhou,veil
shenzhou,weixhou
shenzhou,weizhua
shenzhuan,xianlu
shenzhuan,zheng
shenzhuan,zhushui
shenzhuan,zidu
sheria,shord
sheria,we_kiwo
sheven,sumqar
shiben,tenwei
shiben,uttanoburi
shiben,yasung
shibuko,towaka
shibuko,tsudo
shijiao,taigon
shijiao,towaka
shijiao,yanzhen
shijichun,zuxian
shikarpud,thattalput
shinpah,weyo
shipal,shiverscale
shipal,silvermarsh
shipal,stone_pale
shipal,vek_aba
shirat,ulat
shirat,zuwar
shitano,upper_fian
shiverscale,shotar
shiverscale,silvermarsh
shiverscale,vek_aba
shixhoung,tiean
shixhoung,tonghu
shixhoung,xianxhoung
shkodha,vultin
shkodha,west_tirol
shkoji,telanir
shoal,staugh
shoal,valant
shord,vanbu
shord,we_amipa
shord,we_kiwo
shotar,vek_aba
shotwe,windhills
shox_kabak,telnuss
shox_kabak,xaba
shubari,sire
shubari,zuwar
shyril,tosa
sihanchey,svaysat
sihanchey,viheri
sihanste,thomang
sihanste,vihonorom
sihejeon,ujleonpo
silium,vetrilum
silium,vrixia
silver_hills,vern
silverfield_,upper_leia
silvermarsh,stone_pale
silvermist,skywater
silvermist,teneth
sinakliit,tsia_sado
sinakliit,wetasgoost
sinderion,tell_nulvanan
sinderion,upper_nulvar
sindhsul,terbrahm
singhin,thabo
singhin,thandau
sinswain,upper_silavan
sinswain,uwen
sipih,south_antara
sipih,west_chewa
sirabe,west_hillwood
sirabe,wreath
sire,zuwar
siret,uposs
siret,west_oaks
sishing,wuchow
sisthamai,songrang
sisthamai,thap_an
sisthamai,xi_nga
sixhou,xiongli
sixja,sturing
sixja,thalheim
skalhall,ugujaai
skaross,west_skeletal_shore
skarrun,ytland
skave,tagdag
skeins,south_drt
skund,sojot
skund,upper_eyslo
skund,west_kapland
skycradle,vernen
skyross,taghmore
slag_hill,vlakdehsn
slag_hill,zlok
slajan,under
slajan,vek_farj
slajan,vek_tanal
slank,speartree
slavk,vlakdehsn
slendos,tannebend
snowport,usskot
snyder,south_plains
sobei,thuan_na
sobei,tuy_ngu
sofivakina,vatov
sojot,tojun
sojot,upper_eyslo
solper,uviels_shore
solven,uaqhivik
somare,soyol
sonar,south_belk
sonar,spoletum
sonar,tabea
sonati,srinjam
sonati,vadam
sondeth,upper_dragon_vale
song_noi,thonang
song_noi,xuye_minh
songrang,thap_an
songrang,udonmai
soumm,tasfrit
soumm,tulas
soumm,zajj
south_aldano,tainde
south_aldano,windleaf
south_aqai,tawezuk
south_aqai,ulat
south_aqai,walwam
south_aqai,west_shasta
south_bal,tarpor
south_bal,yabha
south_bal,yerna
south_bay,stepenes
south_bay,trove_coast
south_belaff,west_pass
south_border,stoneport
south_border,tonim
south_bruega,vara_plains
south_cliffs,wells
south_dageh,woken_earth
south_dawnwood,vision
south_dawnwood,volvaan
south_doron,vogney
south_elvan,tepes
south_elvan,vultin
south_end,uka_povra
south_greyswood,west_auckshire
south_heron,sundborg
south_heron,valrunin
south_kingsway,sumersyle
south_laure,towerway
south_laure,veradan
south_lestan_forest,torwood
south_lestan_forest,upper_fian
south_lestan_forest,yaria
south_lov,tasy
south_lov,vohonale
south_oren,west_oren
south_oren,yoht
south_oren,ywes
south_oten,ursland
south_oten,vinton
south_oten,wearshire
south_plains,upper_leia
south_reywith,upper_silavan
south_shurres,vire
south_skjoll,tethan
south_skjoll,uldr_skjoll
south_skjoll,west_skjoll
south_tekker,tekkers_heights
south_tene,wolfs_tail
south_tevan,wheaton
south_wild_lake,upper_foring
south_wild_lake,xylung
south_yothiin,thraum
south_yothiin,upper_alda
south_yothiin,white_forge
south_zahlitz,vern
southern_jotass,sylt
southern_jotass,thime
southpeak,starain
southstead,tanners_fields
soyol,taraal
soyunduz,west_rolling_plains
spiceport,tears_embrace
spoletum,tirelle
spressingen,upper_vintage
springside,wetasgoost
springside,weyo
srinjam,vadam
srjajan,tamosokaz
srjajan,terhun
staaldan,upper_alda
stahyin,west_chewa
stalmire,upper_telas
starlight,westwoods
staugh,valant
steel_mills,waterbridge
stoneden,ulmid_pass
stones_fall,stosak
stonewater,viijandor
storms_point,varhall
storms_point,vryn
sturing,thalheim
suastium,the_orren
sukhbaat,undgom
sukhdaan,ulimod
sukutar,sulukh
sukutar,urlohn
sukutar,vosgol
sulas,upper_southpine
sulas,varan
sulukh,vosgol
sulus,talamok
sulus,white_rock
summerlands,volam
sumqar,terdmal
sumvom,thah
sumvom,vhido_lahm
sune,thirunpal
sunfall,threin
sungalbun,tamosokaz
sunhall,uposs
sunhall,valion
sunwater,syrd
suretia,tabea
suretia,tirelle
suretia,vividox
surja,syanhun
sutzu,thomang
sutzu,vihonorom
svayhad,viheri
svaysat,viheri
swanville,ton_evu
swanville,veil
syiwi,taungo
syiwi,upper_mei
sylt,ul_sudd
szaal,upper_sola
szaal,vek_wvi
taigon,zhangxhou
taishou,tong
taishou,xixhou
taishou,zhangxhou
taixhou,wuxhou
taixhou,yanqing
tajigaki,yokumiha
taka_sado,taweno
taka_sado,wetwondi
tal_sen,talbiwa
talamok,white_rock
taleqas,tehron
talin,vodiss
taliq,tiggak
taliq,uaqhivik
taliq,uugaq
talmyr,tojun
tamol,tirsham
tamosokaz,taskeama
tanetin,veixas
tanju,tonsul
tankad,zr
tanners_fields,vinton
tanneview,tarthen
taosi,yousarlil
taosi,zemstrasha
taqgan,vahshak
tarabundego,towmi
tarabundego,wuegalanga
tarankt,west_tirol
tarbots,valass
taria,west_trinning
tarov,ulstyzycyn
tarov,west_border
tarpor,yerna
tarthen,tutz
taselc,tjil_eirse
tasy,vohonale
taungo,upper_mei
tavehk,west_briihk
taweno,wetwondi
tawezuk,west_shasta
tawezuk,ydanat
tbandsi,udivili
tbandsi,upper_ozamt
tear,teu_nen
tear,ulda
tehono,upper_sgaw
tehono,wega
tehono,wehon
tekir,upper_abere
telankt,voran
telankt,vorrik
tell_nulvanan,upper_nulvar
ten_stones,upper_moon
ten_stones,westmoon
tenida,tsia_sado
tenida,wolfs_tail
tenwei,yuxong
tepeque,zacage
tepes,voran
terdmal,yutepa
tethan,uldr_skjoll
tethan,valrunin
thabinton,thaydaung
thailam,yalburi
thalie,umbridge
thanwegu,yekbaun
thap_an,xi_nga
the_barrens,uva_shei
the_orren,upper_elonia
the_orren,varalusia
thede,unwil
thede,uwon
thelan_marsh,thelis
thelan_marsh,thorne
thelan_marsh,westmarsh
theonas,voran
thirunpal,thrissan
thirunpal,vadam
thomang,vihonorom
thorne,vodiss
thraum,upper_alda
thraum,washjat
thraum,white_forge
threin,vaalwood
throne,wrath
thuan_na,tuy_ngu
thuan_na,yen_bi
thulberg,upper_aating
thulberg,xylung
thulil,upper_bracken
thuri_sanga,thuri_skrid
thuri_sanga,thuri_wei
tiean,tiexhou
tiean,yuxhou
tienduvin,west_oaks
tieva,vire
tieva,west_tirol
tiexhou,zhangxhou
tiggak,uaqhivik
tinderwood,west_weald
tiowen,uthin
tire,uthin
tirsur,vittor
titans_fist,ukrath
titans_fist,xaba
tjil_eirse,tjil_vantan
tkvagri,tsigh
tkvagri,west_tban
tnori,tshkari
tnori,tsigh
tnori,upper_ozamt
tnori,west_tban
tobaalt,vorkhang
tobaalt,vosgol
tobwiya,wahabi
toderegg,vul
toliarasy,vokatana
tolnmid,uwon
tomia,utohn
torwood,vatov
tosa,vrixia
tosona,vara_plains
towaka,tsumawa
towerway,vinewood
trabao,vung_tao
trabao,xi_logye
traders_watch,tutz
traders_watch,uberach
traders_watch,woods_end
tradewatch,vitejo
tranvryw,tvaryn
treegate,unwil
treehollow,umluk
trejaslo,ysa
tremor,wrath
treng_na,yen_bi
trist,udrmar
tsbani,waterpoint
tshkari,udivili
tshkari,upper_ozamt
tsigh,west_tban
tskhihumi,vask
tulas,zajj
tutz,uberach
two_shores,uteya
tyosse,urallen
tyosse,uthan
tyrven_bor,uvondrait
uaqhivik,uugaq
ucham,vanbu
ucham,we_amipa
ucham,whangale
uchei,wonggerek
uckring,upper_kaff
udana,zefat
udivili,upper_ozamt
udrmar,vaunt
udrmar,vythra
udverl,wausda
ugujaai,uugaq
uhfa_lahm,yazu_desert
uinme,volam
uk,yakur
uka,ukriin
uka_ivihyn,uka_povra
uka_ivihyn,uka_rathiv
uka_ivihyn,volots
uka_povra,volots
ulap,venegetera
uldr_skjoll,west_skjoll
ulisai,urutay
ulmid_pass,west_end
ulstyzycyn,wielnowas
ulti,urat_farida
ulung,zukwadusu
umbrino,zazara
umuzgul,vask
under,vek_farj
unnamed_location_109,unnamed_location_110
unnamed_location_109,unnamed_location_111
unnamed_location_110,unnamed_location_111
unnamed_location_110,unnamed_location_112
unnamed_location_110,unnamed_location_115
unnamed_location_111,unnamed_location_112
unnamed_location_111,unnamed_location_114
unnamed_location_112,unnamed_location_113
unnamed_location_112,unnamed_location_114
unnamed_location_112,unnamed_location_115
unnamed_location_113,unnamed_location_114
unnamed_location_113,unnamed_location_115
unnamed_location_113,unnamed_location_117
unnamed_location_113,unnamed_location_118
unnamed_location_115,unnamed_location_116
unnamed_location_115,unnamed_location_117
unnamed_location_116,unnamed_location_117
unnamed_location_116,unnamed_location_119
unnamed_location_117,unnamed_location_118
unnamed_location_117,unnamed_location_119
unnamed_location_119,unnamed_location_120
unnamed_location_119,unnamed_location_129
unnamed_location_119,unnamed_location_130
unnamed_location_120,unnamed_location_121
unnamed_location_120,unnamed_location_130
unnamed_location_120,unnamed_location_167
unnamed_location_120,unnamed_location_168
unnamed_location_121,unnamed_location_122
unnamed_location_121,unnamed_location_130
unnamed_location_121,unnamed_location_131
unnamed_location_121,unnamed_location_168
unnamed_location_122,unnamed_location_123
unnamed_location_122,unnamed_location_131
unnamed_location_123,unnamed_location_124
unnamed_location_123,unnamed_location_126
unnamed_location_123,unnamed_location_131
unnamed_location_124,unnamed_location_126
unnamed_location_124,unnamed_location_132
unnamed_location_126,unnamed_location_127
unnamed_location_126,unnamed_location_131
unnamed_location_127,unnamed_location_128
unnamed_location_127,unnamed_location_131
unnamed_location_128,unnamed_location_129
unnamed_location_128,unnamed_location_130
unnamed_location_128,unnamed_location_131
unnamed_location_129,unnamed_location_130
unnamed_location_130,unnamed_location_131
unnamed_location_132,unnamed_location_133
unnamed_location_132,unnamed_location_152
unnamed_location_132,unnamed_location_156
unnamed_location_133,unnamed_location_134
unnamed_location_133,unnamed_location_152
unnamed_location_134,unnamed_location_135
unnamed_location_135,unnamed_location_136
unnamed_location_136,unnamed_location_137
unnamed_location_137,unnamed_location_138
unnamed_location_137,unnamed_location_139
unnamed_location_138,unnamed_location_139
unnamed_location_138,unnamed_location_140
unnamed_location_139,unnamed_location_140
unnamed_location_139,unnamed_location_141
unnamed_location_140,unnamed_location_141
unnamed_location_140,unnamed_location_146
unnamed_location_141,unnamed_location_142
unnamed_location_141,unnamed_location_146
unnamed_location_144,unnamed_location_145
unnamed_location_146,unnamed_location_150
unnamed_location_150,unnamed_location_151
unnamed_location_151,unnamed_location_152
unnamed_location_151,unnamed_location_153
unnamed_location_152,unnamed_location_153
unnamed_location_152,unnamed_location_156
unnamed_location_153,unnamed_location_154
unnamed_location_153,unnamed_location_156
unnamed_location_153,unnamed_location_157
unnamed_location_154,unnamed_location_155
unnamed_location_154,unnamed_location_157
unnamed_location_155,unnamed_location_157
unnamed_location_155,unnamed_location_158
unnamed_location_155,unnamed_location_169
unnamed_location_156,unnamed_location_157
unnamed_location_158,unnamed_location_159
unnamed_location_158,unnamed_location_169
unnamed_location_159,unnamed_location_160
unnamed_location_159,unnamed_location_169
unnamed_location_159,unnamed_location_170
unnamed_location_160,unnamed_location_161
unnamed_location_160,unnamed_location_170
unnamed_location_160,unnamed_location_171
unnamed_location_161,unnamed_location_162
unnamed_location_161,unnamed_location_171
unnamed_location_162,unnamed_location_163
unnamed_location_162,unnamed_location_166
unnamed_location_162,unnamed_location_171
unnamed_location_163,unnamed_location_164
unnamed_location_163,unnamed_location_165
unnamed_location_163,unnamed_location_166
unnamed_location_164,unnamed_location_165
unnamed_location_165,unnamed_location_166
unnamed_location_166,unnamed_location_167
unnamed_location_166,unnamed_location_171
unnamed_location_167,unnamed_location_168
unnamed_location_167,unnamed_location_170
unnamed_location_167,unnamed_location_171
unnamed_location_168,unnamed_location_169
unnamed_location_168,unnamed_location_170
unnamed_location_169,unnamed_location_170
unnamed_location_170,unnamed_location_171
unnamed_location_172,unnamed_location_173
unnamed_location_172,unnamed_location_181
unnamed_location_173,unnamed_location_174
unnamed_location_174,unnamed_location_175
unnamed_location_174,unnamed_location_182
unnamed_location_175,unnamed_location_177
unnamed_location_175,unnamed_location_182
unnamed_location_176,unnamed_location_177
unnamed_location_176,unnamed_location_178
unnamed_location_176,unnamed_location_179
unnamed_location_177,unnamed_location_179
unnamed_location_178,unnamed_location_179
unnamed_location_178,unnamed_location_180
unnamed_location_179,unnamed_location_180
unnamed_location_180,unnamed_location_181
unnamed_location_182,unnamed_location_183
unnamed_location_182,unnamed_location_195
unnamed_location_183,unnamed_location_184
unnamed_location_183,unnamed_location_188
unnamed_location_183,unnamed_location_189
unnamed_location_183,unnamed_location_195
unnamed_location_184,unnamed_location_185
unnamed_location_184,unnamed_location_186
unnamed_location_184,unnamed_location_187
unnamed_location_184,unnamed_location_188
unnamed_location_185,unnamed_location_186
unnamed_location_186,unnamed_location_187
unnamed_location_187,unnamed_location_188
unnamed_location_188,unnamed_location_189
unnamed_location_189,unnamed_location_190
unnamed_location_189,unnamed_location_195
unnamed_location_189,unnamed_location_196
unnamed_location_190,unnamed_location_191
unnamed_location_190,unnamed_location_196
unnamed_location_190,unnamed_location_197
unnamed_location_191,unnamed_location_192
unnamed_location_191,unnamed_location_197
unnamed_location_192,unnamed_location_193
unnamed_location_192,unnamed_location_197
unnamed_location_193,unnamed_location_194
unnamed_location_193,unnamed_location_196
unnamed_location_193,unnamed_location_197
unnamed_location_194,unnamed_location_195
unnamed_location_194,unnamed_location_196
unnamed_location_195,unnamed_location_196
unnamed_location_196,unnamed_location_197
unnamed_location_203,unnamed_location_204
unnamed_location_204,unnamed_location_205
unnamed_location_205,unnamed_location_206
unnamed_location_206,unnamed_location_207
unnamed_location_206,unnamed_location_251
unnamed_location_207,unnamed_location_208
unnamed_location_207,unnamed_location_251
unnamed_location_208,unnamed_location_209
unnamed_location_208,unnamed_location_210
unnamed_location_208,unnamed_location_250
unnamed_location_208,unnamed_location_251
unnamed_location_210,unnamed_location_211
unnamed_location_210,unnamed_location_248
unnamed_location_210,unnamed_location_250
unnamed_location_211,unnamed_location_212
unnamed_location_211,unnamed_location_248
unnamed_location_212,unnamed_location_213
unnamed_location_213,unnamed_location_214
unnamed_location_214,unnamed_location_215
unnamed_location_215,unnamed_location_216
unnamed_location_215,unnamed_location_240
unnamed_location_216,unnamed_location_217
unnamed_location_216,unnamed_location_240
unnamed_location_217,unnamed_location_218
unnamed_location_217,unnamed_location_238
unnamed_location_217,unnamed_location_240
unnamed_location_217,unnamed_location_241
unnamed_location_218,unnamed_location_219
unnamed_location_218,unnamed_location_220
unnamed_location_218,unnamed_location_238
unnamed_location_219,unnamed_location_220
unnamed_location_219,unnamed_location_221
unnamed_location_220,unnamed_location_221
unnamed_location_221,unnamed_location_222
unnamed_location_221,unnamed_location_232
unnamed_location_222,unnamed_location_223
unnamed_location_222,unnamed_location_230
unnamed_location_222,unnamed_location_231
unnamed_location_222,unnamed_location_232
unnamed_location_223,unnamed_location_224
unnamed_location_224,unnamed_location_225
unnamed_location_225,unnamed_location_228
unnamed_location_225,unnamed_location_229
unnamed_location_226,unnamed_location_227
unnamed_location_226,unnamed_location_229
unnamed_location_226,unnamed_location_230
unnamed_location_227,unnamed_location_230
unnamed_location_228,unnamed_location_229
unnamed_location_230,unnamed_location_231
unnamed_location_231,unnamed_location_232
unnamed_location_232,unnamed_location_233
unnamed_location_233,unnamed_location_234
unnamed_location_233,unnamed_location_236
unnamed_location_234,unnamed_location_235
unnamed_location_234,unnamed_location_236
unnamed_location_235,unnamed_location_236
unnamed_location_235,unnamed_location_237
unnamed_location_235,unnamed_location_239
unnamed_location_236,unnamed_location_237
unnamed_location_236,unnamed_location_238
unnamed_location_237,unnamed_location_238
unnamed_location_237,unnamed_location_239
unnamed_location_238,unnamed_location_239
unnamed_location_238,unnamed_location_241
unnamed_location_239,unnamed_location_241
unnamed_location_240,unnamed_location_241
unnamed_location_240,unnamed_location_242
unnamed_location_241,unnamed_location_242
unnamed_location_242,unnamed_location_243
unnamed_location_242,unnamed_location_245
unnamed_location_243,unnamed_location_244
unnamed_location_243,unnamed_location_245
unnamed_location_244,unnamed_location_245
unnamed_location_245,unnamed_location_246
unnamed_location_246,unnamed_location_247
unnamed_location_247,unnamed_location_248
unnamed_location_247,unnamed_location_249
unnamed_location_248,unnamed_location_249
unnamed_location_248,unnamed_location_250
unnamed_location_249,unnamed_location_250
unnamed_location_250,unnamed_location_251
unnamed_location_255,unnamed_location_256
unnamed_location_255,unnamed_location_258
unnamed_location_256,unnamed_location_257
unnamed_location_256,unnamed_location_258
unnamed_location_257,unnamed_location_258
unnamed_location_259,unnamed_location_260
unnamed_location_259,unnamed_location_292
unnamed_location_260,unnamed_location_261
unnamed_location_260,unnamed_location_292
unnamed_location_260,unnamed_location_293
unnamed_location_261,unnamed_location_262
unnamed_location_261,unnamed_location_293
unnamed_location_261,unnamed_location_294
unnamed_location_262,unnamed_location_263
unnamed_location_262,unnamed_location_294
unnamed_location_262,unnamed_location_295
unnamed_location_262,unnamed_location_296
unnamed_location_263,unnamed_location_264
unnamed_location_263,unnamed_location_296
unnamed_location_264,unnamed_location_265
unnamed_location_264,unnamed_location_296
unnamed_location_265,unnamed_location_266
unnamed_location_265,unnamed_location_297
unnamed_location_266,unnamed_location_267
unnamed_location_266,unnamed_location_297
unnamed_location_267,unnamed_location_268
unnamed_location_267,unnamed_location_297
unnamed_location_267,unnamed_location_298
unnamed_location_268,unnamed_location_269
unnamed_location_268,unnamed_location_298
unnamed_location_268,unnamed_location_299
unnamed_location_269,unnamed_location_270
unnamed_location_269,unnamed_location_299
unnamed_location_269,unnamed_location_300
unnamed_location_270,unnamed_location_271
unnamed_location_270,unnamed_location_300
unnamed_location_270,unnamed_location_301
unnamed_location_271,unnamed_location_272
unnamed_location_271,unnamed_location_301
unnamed_location_272,unnamed_location_273
unnamed_location_272,unnamed_location_301
unnamed_location_272,unnamed_location_302
unnamed_location_273,unnamed_location_274
unnamed_location_273,unnamed_location_276
unnamed_location_273,unnamed_location_302
unnamed_location_274,unnamed_location_275
unnamed_location_274,unnamed_location_276
unnamed_location_275,unnamed_location_276
unnamed_location_276,unnamed_location_277
unnamed_location_276,unnamed_location_302
unnamed_location_277,unnamed_location_278
unnamed_location_277,unnamed_location_280
unnamed_location_277,unnamed_location_302
unnamed_location_277,unnamed_location_303
unnamed_location_277,unnamed_location_304
unnamed_location_278,unnamed_location_279
unnamed_location_278,unnamed_location_280
unnamed_location_280,unnamed_location_281
unnamed_location_280,unnamed_location_304
unnamed_location_281,unnamed_location_282
unnamed_location_281,unnamed_location_304
unnamed_location_281,unnamed_location_305
unnamed_location_282,unnamed_location_283
unnamed_location_282,unnamed_location_305
unnamed_location_282,unnamed_location_306
unnamed_location_282,unnamed_location_307
unnamed_location_283,unnamed_location_284
unnamed_location_283,unnamed_location_307
unnamed_location_284,unnamed_location_285
unnamed_location_284,unnamed_location_286
unnamed_location_284,unnamed_location_307
unnamed_location_284,unnamed_location_308
unnamed_location_285,unnamed_location_286
unnamed_location_285,unnamed_location_287
unnamed_location_286,unnamed_location_287
unnamed_location_286,unnamed_location_308
unnamed_location_286,unnamed_location_309
unnamed_location_286,unnamed_location_310
unnamed_location_286,unnamed_location_311
unnamed_location_287,unnamed_location_288
unnamed_location_287,unnamed_location_311
unnamed_location_288,unnamed_location_289
unnamed_location_288,unnamed_location_311
unnamed_location_288,unnamed_location_312
unnamed_location_289,unnamed_location_290
unnamed_location_289,unnamed_location_312
unnamed_location_289,unnamed_location_313
unnamed_location_290,unnamed_location_291
unnamed_location_290,unnamed_location_313
unnamed_location_291,unnamed_location_292
unnamed_location_291,unnamed_location_293
unnamed_location_291,unnamed_location_313
unnamed_location_292,unnamed_location_293
unnamed_location_293,unnamed_location_294
unnamed_location_293,unnamed_location_313
unnamed_location_294,unnamed_location_295
unnamed_location_294,unnamed_location_311
unnamed_location_294,unnamed_location_312
unnamed_location_294,unnamed_location_313
unnamed_location_295,unnamed_location_296
unnamed_location_295,unnamed_location_310
unnamed_location_295,unnamed_location_311
unnamed_location_296,unnamed_location_310
unnamed_location_297,unnamed_location_298
unnamed_location_298,unnamed_location_299
unnamed_location_298,unnamed_location_306
unnamed_location_298,unnamed_location_316
unnamed_location_298,unnamed_location_317
unnamed_location_299,unnamed_location_300
unnamed_location_299,unnamed_location_317
unnamed_location_300,unnamed_location_301
unnamed_location_300,unnamed_location_314
unnamed_location_301,unnamed_location_302
unnamed_location_301,unnamed_location_303
unnamed_location_301,unnamed_location_314
unnamed_location_302,unnamed_location_303
unnamed_location_303,unnamed_location_304
unnamed_location_303,unnamed_location_314
unnamed_location_303,unnamed_location_315
unnamed_location_304,unnamed_location_305
unnamed_location_304,unnamed_location_315
unnamed_location_304,unnamed_location_316
unnamed_location_305,unnamed_location_306
unnamed_location_305,unnamed_location_316
unnamed_location_306,unnamed_location_307
unnamed_location_306,unnamed_location_316
unnamed_location_307,unnamed_location_308
unnamed_location_308,unnamed_location_309
unnamed_location_309,unnamed_location_310
unnamed_location_310,unnamed_location_311
unnamed_location_311,unnamed_location_312
unnamed_location_312,unnamed_location_313
unnamed_location_314,unnamed_location_315
unnamed_location_314,unnamed_location_317
unnamed_location_315,unnamed_location_316
unnamed_location_315,unnamed_location_317
unnamed_location_316,unnamed_location_317
uposs,valion
upper_alda,washjat
upper_elonia,varalusia
upper_eyslo,west_kapland
upper_foring,xylung
upper_geccar,valewood
upper_geccar,votta_hills
upper_lostwood,zvomenne
upper_mei,yanyeii
upper_nulvar,venmir
upper_ozamt,west_tban
upper_sola,vultin
upper_southpine,varan
upper_vintage,wine_hills
urad_karpat,usgeli
urad_roh,urat_anad
urad_roh,urat_farida
urallen,uthan
urlohn,urtai
ursland,vinton
ursland,wearshire
urutay,usul
usram,wufrti
usram,yabha
usram,yerna
ustahv,vlakdehsn
ustahv,zvomenne
usul,vorkhang
utoriha,verile
utterburgh,west_weald
uvada,uzkhakkul
uvollis,yaria
uzam,whiterose
uzam,yes_tari
valant,volos
valewood,vilizia
valrunin,ytland
vanbu,we_amipa
varavan,vrasin
varragone,vilat
vatoma,vokatana
vaunt,vonmar
vaunt,vythra
veil,weizhua
vek_farj,vek_tanal
velath,western_deadlands
veletoya,zetera
venegetera,we_kiwo
venmir,volvaan
vetrilum,vrixia
vhaka,west_chim
vhido_lahm,wadwa_lahm
vhido_lahm,yazu_desert
viijandor,zuwe
vijyay,wake
vinewood,yearlake
vinyano,yper
virile,vomar
virile,wyeeroong
vision,volvaan
vlakdehsn,zlok
vodiss,zazara
vonmar,vythra
vung_tao,xi_logye
vung_tao,xi_nga
wadwa_lahm,yazu_desert
walugd,wlatad
waterbridge,zuwe
wausda,ykek
wayfurd,yorwikke
we_amipa,we_upao
we_upao,westea
wega,weheni
wega,wehon
weheni,wehon
weijian,yanhu
weijian,zizhong
weijian,zouhu
weixhou,weizhua
weizhua,xiongli
wells,westward_shore
wenchong,xuanming
wenchong,yushuang
wenzhai,wushan
wenzhai,zhushui
west_durms,westyard
west_eskawo,yjg
west_oren,yoht
west_oren,yoren
west_peswatow,woken_earth
west_shasta,ybiya
west_shasta,ydanat
westrim,wyvern_harbour
wetasgoost,weyo
white_forge,yor_forest
white_forge,yothelheim
winbha,zawrata
wooden_heights,yabil
wufrti,yabha
wuhar,xaling
wuhar,yaka
wuzang,zhacheng
wuzang,zizhong
xaling,yaka
xi_logye,xi_nga
xianlu,zheng
xianlu,zidu
xianxhoung,yanhu
xibei,yes_tari
xixhou,yaka
xixhou,yuxhou
xuanming,yushuang
xuxhou,zheng
xuxhou,zhushui
xuye_minh,yen_bin
yabha,yerna
ybiya,ydanat
yoht,yoren
yoht,ywes
yongxia,zouhu
yor_forest,yothelheim
yousarlil,zemstrasha
zelen,zlathocs
zhacheng,zizhong
zheng,zhushui
